name,grade,style,crag,area,country,shortnote,notes,date,project,stars,cragnote
Asia Shadow Play,8a+,,Tyrolean Wall,Tonsai,Thailand,,nextes Mal Tonsai wird die abgeholt!,2013-01-01,X,2,
Tyrolean Air,7c,,Tyrolean Wall,Tonsai,Thailand,,,2013-01-01,,1,
"Blind, Deaf and Dumb",7b+,,Tyrolean Wall,Tonsai,Thailand,,,2013-01-01,,,
"Pavel, Wish You Were Here",7a,,Tyrolean Wall,Tonsai,Thailand,,,2013-01-01,,,
Missing Snow,6b+,o.s.,Tyrolean Wall,Tonsai,Thailand,,,2013-01-01,,,
Totem,7a+,o.s.,The Nest/ Wild Kingdom,Tonsai,Thailand,,,2013-01-01,,,
Britshly White,7a,,The Nest/ Wild Kingdom,Tonsai,Thailand,,,2013-01-01,,,
Freedom Safari,7a,o.s.,The Nest/ Wild Kingdom,Tonsai,Thailand,,,2013-01-01,,,
Dozer Rays,6c,o.s.,The Nest/ Wild Kingdom,Tonsai,Thailand,,,2013-01-01,,,
Little Fish,6b+,o.s.,The Nest/ Wild Kingdom,Tonsai,Thailand,,,2013-01-01,,,
Kitty Toe,6b,,The Nest/ Wild Kingdom,Tonsai,Thailand,,,2013-01-01,,,
Techno-Bug,6a+,o.s.,The Nest/ Wild Kingdom,Tonsai,Thailand,,,2013-01-01,,,
Banana Hammock,6a+,o.s.,The Nest/ Wild Kingdom,Tonsai,Thailand,,,2013-01-01,,,
Cross Eyed,7b,,Melting Wall,Tonsai,Thailand,,,2013-01-01,,2,
Bonsoir,7a+,,Melting Wall,Tonsai,Thailand,,,2013-01-01,,,
The Smoking Room,6b+,o.s.,Melting Wall,Tonsai,Thailand,,,2013-01-01,,,
VooDoo Doll,7c+,,Tonsai Roof,Tonsai,Thailand,,erste 7c+,2013-01-01,,3,
Phet Mak (very spicy),7c+,,Tonsai Roof,Tonsai,Thailand,,,2013-01-01,,3,
Baby Gorilla,7c,2. Go,Tonsai Roof,Tonsai,Thailand,,"2. Go, erste 7c",2013-01-01,,1,
Tidal Wave,7b+,,Tonsai Roof,Tonsai,Thailand,,,2013-01-01,,,
Cafe Andaman,7b,F,Tonsai Roof,Tonsai,Thailand,,,2013-01-01,,,
Lal Bab,7a+,F,Tonsai Roof,Tonsai,Thailand,,,2013-01-01,,,
Tonsai Playboy,7a+,,Tonsai Roof,Tonsai,Thailand,,,2013-01-01,,,
Love for Traveling,7a+,,Tonsai Roof,Tonsai,Thailand,,,2013-01-01,,,
Second Home Tonsai,7a+,o.s.,Tonsai Roof,Tonsai,Thailand,,,2013-01-01,,,
Babes in Thailand,7a,o.s.,Tonsai Roof,Tonsai,Thailand,,,2013-01-01,,,
Sweating Monkey,7a,o.s.,Tonsai Roof,Tonsai,Thailand,,,2013-01-01,,,
Stalagosaurus,6c+,F,Tonsai Roof,Tonsai,Thailand,,,2013-01-01,,,
Beauty and the Beast,6c,F,Tonsai Roof,Tonsai,Thailand,,,2013-01-01,,,
Caveman,7a+,,Thaiwand Wall,Tonsai,Thailand,,,2013-01-01,,,
Live & Let Thai,7a,o.s.,Thaiwand Wall,Tonsai,Thailand,,,2013-01-01,,,
The King & I,7a,o.s.,Thaiwand Wall,Tonsai,Thailand,,,2013-01-01,,,
Equatorial,6c,o.s.,Thaiwand Wall,Tonsai,Thailand,,,2013-01-01,,,
Primat Scream,6a+,o.s.,Thaiwand Wall,Tonsai,Thailand,,,2013-01-01,,,
Heart of Darkness,6c+,,Cat Wall,Tonsai,Thailand,MP,"Geile Mehrseillängentour 6c+, 6c, 6c, 6c, 6c+",2013-01-01,,3,
Good Medicine,7a+,o.s.,Dum´s Kitchen,Tonsai,Thailand,,,2013-01-01,,,
Lion King,6c+,o.s.,Dum´s Kitchen,Tonsai,Thailand,,,2013-01-01,,,
noname,7a+,o.s.,Phae Dang Wall (Red Wall),Vang Vieng,Laos,,,2013-01-01,,,
noname,7a,o.s.,Phae Dang Wall (Red Wall),Vang Vieng,Laos,,,2013-01-01,,,
Les Charmes du Laos,7c,,Phae Dang Wall (Red Wall),Vang Vieng,Laos,,"der 20km entfernte Spot, anderer Sektor",2013-01-01,,,
Special Forces,7c+,2. Go,Elephant,Thakek,Laos,,2. Go,2013-02-01,,3,
Potato Head,7b+/7c,o.s.,Elephant,Thakek,Laos,,,2013-02-01,,,
Mon General,6c,o.s.,Elephant,Thakek,Laos,,,2013-02-01,,,
Red Ants,6b+,o.s.,Elephant,Thakek,Laos,,,2013-02-01,,,
Klitoritis,6a,o.s.,Elephant,Thakek,Laos,,,2013-02-01,,,
Couple Stress,5b,o.s.,Elephant,Thakek,Laos,,,2013-02-01,,,
Changing Plans Direktissima,7c+,,Worldtrip,Thakek,Laos,,,2013-02-01,,3,
Mr. Keo,7a,,Worldtrip,Thakek,Laos,,,2013-02-01,,,
Mr. Ku,6c+,o.s.,Worldtrip,Thakek,Laos,,,2013-02-01,,,
Big Smile,8a,,Roof,Thakek,Laos,,erste 8a! Eher 7c+/8a,2013-02-01,,3,
Monkey Trail,7c,,Roof,Thakek,Laos,,,2013-02-01,,,
Vice Asshole to President,7c,2. Go,Roof,Thakek,Laos,,2. Go,2013-02-01,,2,
Small World,7c,2. Go,Roof,Thakek,Laos,,2. Go,2013-02-01,,3,
Jungle King,7b,F,Roof,Thakek,Laos,,,2013-02-01,,2,
Schweinerüssel,7b,F,Roof,Thakek,Laos,,,2013-02-01,,,
Schwing Mei Ding,7b,o.s.,Roof,Thakek,Laos,,,2013-02-01,,,
Cheeky Fuckers,7a,F,Roof,Thakek,Laos,,,2013-02-01,,,
Raining Bolts,7a,,Roof,Thakek,Laos,,,2013-02-01,,,
Nid Noi...,7a,,Roof,Thakek,Laos,,,2013-02-01,,,
Hanging Garden,7a,F,Roof,Thakek,Laos,,,2013-02-01,,,
Pi May,7a,F,Roof,Thakek,Laos,,,2013-02-01,,,
Sound of Music,7a,o.s.,Schöffl Block,Thakek,Laos,,,2013-02-01,,,
Piets d´éléfant,6c,F,Honeymoon,Thakek,Laos,,,2013-02-01,,,
Whiplash,7a,o.s.,Weiße Wand,Thakek,Laos,,,2013-02-01,,,
Bullenpogo,7b+,,Hangover Wall,Thakek,Laos,,,2013-02-01,,,
Schwitzerland,7a,o.s.,Hangover Wall,Thakek,Laos,,,2013-02-01,,,
Flight of the Bumblebee,7c+,o.s.,Pond Wall,Butterfly Valley (Cat Ba),Vietnam,,"erste 7c+ on-sight. Boulderproblem in Platte, eher 7b+ oder 7c",2013-03-01,,3,
Freakonomics,7a+,F,Pond Wall,Butterfly Valley (Cat Ba),Vietnam,,,2013-03-01,,,
Windchime of the Ants,7a,o.s.,Pond Wall,Butterfly Valley (Cat Ba),Vietnam,,,2013-03-01,,,
Hippie Banana Tree Killer,7b+,,Cool Banana,Butterfly Valley (Cat Ba),Vietnam,,,2013-03-01,,,
Prayer of the Mantis,7b,o.s.,Cool Banana,Butterfly Valley (Cat Ba),Vietnam,,,2013-03-01,,,
If only I could be a srimp,7b,,Cool Banana,Butterfly Valley (Cat Ba),Vietnam,,,2013-03-01,,,
Miagi Box Maker,7a,,Cool Banana,Butterfly Valley (Cat Ba),Vietnam,,,2013-03-01,,,
A dengue ate my Davey,6c+,F,Cool Banana,Butterfly Valley (Cat Ba),Vietnam,,,2013-03-01,,,
You enjoy yourself,6b,F,Cool Banana,Butterfly Valley (Cat Ba),Vietnam,,,2013-03-01,,,
Monarch,7c,2. Go,Center of the Universe,Butterfly Valley (Cat Ba),Vietnam,,2. Go,2013-03-01,,,
Elephant Man,6c,F,Oup Syndrom,Butterfly Valley (Cat Ba),Vietnam,,,2013-03-01,,,
Buffalo Love,7a+,,Dragon Cave,Butterfly Valley (Cat Ba),Vietnam,,,2013-03-01,,,
Obama 101,7a+,o.s.,Dragon Cave,Butterfly Valley (Cat Ba),Vietnam,,,2013-03-01,,,
Artwork,8a,,Mid-Level Crag,Central Crag,Hongkong,,,2013-04-01,X,,
noname,6c,o.s.,Mid-Level Crag,Central Crag,Hongkong,,,2013-04-01,,,
noname,6c,o.s.,Mid-Level Crag,Central Crag,Hongkong,,,2013-04-01,,,
noname,6b,o.s.,Mid-Level Crag,Central Crag,Hongkong,,,2013-04-01,,,
noname,6a+,o.s.,Mid-Level Crag,Central Crag,Hongkong,,,2013-04-01,,,
noname,6a,o.s.,Mid-Level Crag,Central Crag,Hongkong,,,2013-04-01,,,
La dolca Vida,7a,o.s.,Forgotten Buttress,Central Crag,Hongkong,,,2013-04-01,,,
Todd Skinner Line,7b,F,Banyan Tree Crag,Yangshuo,China,,,2013-04-01,,3,
Open Team,6c,o.s.,Banyan Tree Crag,Yangshuo,China,,,2013-04-01,,,
Single Life,8a,,Lei Pi Shan,Yangshuo,China,,nächstes Mal Yangshuo abholen!!,2013-04-01,X,3,
One Love,7c+,,Lei Pi Shan,Yangshuo,China,,,2013-04-01,,,
Sleight of Hand,7c,2. Go,Lei Pi Shan,Yangshuo,China,,2. Go,2013-04-01,,,
Honky Tonk,7c,,Lei Pi Shan,Yangshuo,China,,,2013-04-01,,,
Singularity,7b,o.s.,Lei Pi Shan,Yangshuo,China,,,2013-04-01,,,
The Power of One,7a+,o.s.,Lei Pi Shan,Yangshuo,China,,,2013-04-01,,,
The Artfull Doger,7a+,o.s.,Lei Pi Shan,Yangshuo,China,,,2013-04-01,,,
Ma Jie,6b,F,Lei Pi Shan,Yangshuo,China,,,2013-04-01,,,
White Devil,7c,2. Go,White Mountain,Yangshuo,China,,2. Go,2013-04-01,,3,
Phoenix,7b+,,White Mountain,Yangshuo,China,,,2013-04-01,,1,
Lucky Zone,7b+,,White Mountain,Yangshuo,China,,,2013-04-01,,1,
Yangshuo Hotel,7b,F,White Mountain,Yangshuo,China,,,2013-04-01,,2,
China White,7b,,White Mountain,Yangshuo,China,,,2013-04-01,,2,
Aiding and Abetting,7a+,o.s.,White Mountain,Yangshuo,China,,,2013-04-01,,,
Merry Christmas,6c,o.s.,White Mountain,Yangshuo,China,,,2013-04-01,,,
noname,6b+,o.s.,White Mountain,Yangshuo,China,,,2013-04-01,,,
Cave Man,6b+,F,White Mountain,Yangshuo,China,,,2013-04-01,,,
Moon Walker,7c,2. Go,Moon Hill,Yangshuo,China,,2. Go,2013-04-01,,3,
Proud Sky,7a+,o.s.,Moon Hill,Yangshuo,China,,,2013-04-01,,,
Far Far Away,7b,F,Riverside Cliff,Yangshuo,China,,,2013-04-01,,,
A Fistful of Steel,7a+/7b,,Riverside Cliff,Yangshuo,China,,,2013-04-01,,,
Dragonfly,7a+,,Riverside Cliff,Yangshuo,China,,,2013-04-01,,,
"Small Man, Big Move",7a,o.s.,Riverside Cliff,Yangshuo,China,,,2013-04-01,,,
Nobody is perfect,10+/11-,,Bürser Verschneidung,Bürs,Austria,,"schon die ersten 4 Exen brutal hart (10), Gerät!
Extrem knapp dran im Sommer 2018. Leider dann die Zeit ausgegangen wegen Flug nach Simbabwe...
Beta:
Sprung an Startkellen, rechts auf Kiesel, links Hook, links auf Loch, rechts auf Seitleiste. Füße rüber und direkt mit links hoch auf gute Leiste. Von dort direkt die dritte VERLÄNGERTE Exe clippen. Rechts in Schlitz, links hooken und auf kleine Leiste mit links rechts vom Bolt. Rechten Fuß auf Block und auf Cruxleiste ziehen. Voll aufstellen, linken Fuß unter den Körper, auf Zwischenloch mit links, Trittwechsel und mit links in Trittleiste stehen und WEIT und SCHWER verlängern. Rechts auf Lochsloper, Fuß hoch, rechts auf Steller, voll hinterscheren, mit links auf passable Leiste und rechts raus auf guten Griff. Hook legen und weit über der Exe clippen. Dann auf Spitz stehen wechseln und DIREKT hochblocken unters Dach auf 3 Finger Leiste, schwerer Blocker mit rechts auf gute Leiste, dann links auf Klippgriff. Rechts Fingerloch mit Daumen und links auf gutes Loch ziehen. Rechts in Schlitz, Fuß hochhangeln, links auf Zangenleiste und rechts in Seitzange (nicht so leicht) dann auf Leiste am Block mit links, rechts kurz zwischenfassen, dann auf schlechte Leiste verlängern, mit links abfassen und rechts in gute Leiste hochblocken. ACHTUNG: nicht von hier clippen sondern erst vom nächsten Zug (Runout!). Links hochsteigen und weiter blocker auf ok. Leiste. Highpoint Sommer 2018. Danach wirds leichter, erster kurzer Schüttler in kleiner Mulde nach weitem Runout (Exe am Bauch auslassen!), dann guter Schüttler am Ende des ersten Teils. Bis hier hin m.M.n. 10+.
Erste weitere schwere Stelle ist ein weiter Hakker an eine gute Leiste von Sloperloch aus: links Sloperloch, mit rechts auf Zange abfassen, Fuß weit hochstellen und hochhakken. Dann links voll am Fuß ziehen und auf ok Sloper. Vor der Schlüsselstelle ist nochmal ein passabler Ruhepunkt wenn man mit links das Clipploch nimmt und mit rechts den Sloper direkt daneben. Dann Crux des oberen Teils:
Vom Clipploch mit Links in unkomodes Zweifingerloch ziehen, rechts auf kleine Dreifingerleiste, mit Links auf kleine 4 Finger Leiste. Rechts in Clippgriff steigen, links anstehen und mit rechts weit hochblocken auf 3 Finger loch. Linken Fuß stellen und powerpack mit Links in sehr gutes Loch. Nicht clippen hier sondern auslassen. Weit rechts rüber, mit Links leiste, rechts anhocken und in Henkel schnappen. Is safe. Der Schüttler ist eigentlich ganz okay dann und der Rest zwar anstrengend aber nicht mehr die Crux:
Links auf Sloperzange, rechts auf Leiste direkt daneben, mit Links hochblocken auf Zange, dann rechts auf schechte Leiste und links raushacken auf Affenfäustelkiesel. Dann Füße hoch, mit rechts weit raus auf gute Leiste, mit links komplett durchlaufen, links kurz abfassen auf 2 Finger Kiesel und weiter hochschnappen auf Sloperkiesel. Rechts Fuß stellen, rechts auf Kiesel abfassen (Sloper!) und Hochhacken auf Seitgriff. Linken Fuß an Dachkante hoch und auf guten großen Kiesel hochziehen. Erst von da clippen. Dann mit links verlängern in Atomhenkel und dann ists eigentlich komplett gelaufen.
HAMMER TOUR! Will ich unbedingt klettern, sau ärgerlich, dass es im Sommer 2018 nicht geklappt hat aber ich musste dann los zum DAV Felskader Teamtrip nach Zimbabwe und es waren auch jeden Tag über 30 Grad, was es nciht gerade leichter gemacht hat. 
2 Sessions 2017
~7 Sessions 2018",,X,3,
Skyline,10,,Bürser Verschneidung,Bürs,Austria,,"Monstergeile Ausdauertour. Voll das Biest. Erster Teil ~8a, 2. Teil ~8a+, 3. Teil nochmal Boulder, 40 Klettermeter; erste 8b in der Heimat",2015-08-01,,3,
Move your Body,10,,Bürser Verschneidung,Bürs,Austria,,"Langzeitprojekt. Maximalkraftausdauer! Vllt gehts ja irgendwann! GEIL, gemacht! Hat sich easy angefühlt beim Durchstieg aber ~10 Tage gebraucht",2016-09-01,,3,
Prinz Albert,10-/10,,Bürser Verschneidung,Bürs,Austria,,Ausdauerbrett,2015-09-01,,2,
Have Fun,10-,,Bürser Verschneidung,Bürs,Austria,,wohl die längste Tour in Bürs mit ner echt schweren ersten SL (Hormonsklave). Wieder in Ausdauershape!!!,2016-05-01,,1,
Stahlfinger Verlängerung,9+,2. Go,Bürser Verschneidung,Bürs,Austria,,"2. go, Ist ok. Oben zwei schwere Boulder und direkt am Umlenker auch schwer, am gleichen Tag wie Quadrophenia, eher 9+/10-",2015-09-01,,1,
Hormonsklave,9+,,Bürser Verschneidung,Bürs,Austria,,"Kraftausdauer, boulderlastig",2013,,2,
Adabsurdum,9+,2. Go,Bürser Verschneidung,Bürs,Austria,,2. Versuch. Coole Tour mit sehr schwerem Boulder oben! Undankbar. Franz. 8A,2015-09-01,,1,
Quadrophenia,9+,,Bürser Verschneidung,Bürs,Austria,,teilt sich ein paar Griffe mit Schmatotzer,2015-09-01,,2,
Hautentsorger,9,,Bürser Verschneidung,Bürs,Austria,,"ziemlich hart für 9!!! Sehr kleine Griffe, anfangs kommt die Tour nicht so toll vor, ist aber gar nicht schlecht",2015-09-01,,,
Ladykiller,9,,Bürser Verschneidung,Bürs,Austria,,"große Hakenabstände, schwer",2013,,2,
Schmarotzer,9,,Bürser Verschneidung,Bürs,Austria,,"Endlich. Ewig probiert, dann 2 Jahre nicht probiert, dann im 2. Go abgeholt.",2013,,3,
Lichterspiel,9,2. Go,Bürser Verschneidung,Bürs,Austria,,2. Versuch,2013,,,
Stahlfinger,9-,3. Go,Bürser Verschneidung,Bürs,Austria,,"3. Versuch, eher 9- (heute noch etwas leichter, Griffausbruch)",2012,,,
Let the sun go down on me,9-,,Bürser Verschneidung,Bürs,Austria,,,2013,,,
Metamagikum,8+,F,Bürser Verschneidung,Bürs,Austria,,,2013,,,
Rattenfänger,8+,o.s.,Bürser Verschneidung,Bürs,Austria,,,2013,,,
Felssinfonie,8,o.s.,Bürser Verschneidung,Bürs,Austria,,,2013,,,
Octopus,8,,Bürser Verschneidung,Bürs,Austria,,,2011,,,
Angsthase,8-,o.s.,Große Wand,Bürs,Austria,,keine weiten Hakenabstände. Muss nachsaniert worden sein.,2018-07-01,,,
Teufelsaustreiber,7+,F,Bürser Verschneidung,Bürs,Austria,,,2013,,,
Plastik People (Verlängerung),7+,o.s.,Bürser Verschneidung,Bürs,Austria,,,2011,,,
Kümmerling,7,,Bürser Verschneidung,Bürs,Austria,,Mit Verlängerung ganz schön happig!,2014,,,
Let it Rock,7,F,Bürser Verschneidung,Bürs,Austria,,,2013,,,
Engelsflügel,9-,o.s.,Große Wand,Bürs,Austria,,2. Seillänge sehr brüchig und unlohnend. Leichter als Vergessene Welt links davon aber trotzdem kletterbar,2015-08-01,,0,
Vergessene Welt,9-,,Große Wand,Bürs,Austria,,"Haaaaaammergeile Tour, nahezu nur Sloper, richtig geil lang und fett weite Hakenabstände",2015-08-01,,3,
Spiderman,9-,2. Go,Große Wand,Bürs,Austria,,"2. Versuch, boulderlastig, tolle 50m Zweiseillängen am Stück",2013,,2,
Metallische Melancholie,8,,Große Wand,Bürs,Austria,,,2013,,,
Neues Leben,8,2. Go,Große Wand,Bürs,Austria,,"2. Versuch, sehr schön",2013,,3,
mein kleiner Felix,8-,F,Große Wand,Bürs,Austria,,"Bruch, 1.SL",2016-05-01,,,
Fleißiges Bienchen,8-,,Große Wand,Bürs,Austria,,1. SL,2013,,,
Schneeflittchen,7+,o.s.,Große Wand,Bürs,Austria,,1. SL,2013,,,
Popeye,7+,o.s.,Große Wand,Bürs,Austria,,,2013,,,
Scarlett,7,o.s.,Große Wand,Bürs,Austria,,,2013,,,
Manuett,7,o.s.,Große Wand,Bürs,Austria,,,2013,,,
Ice Age,7,o.s.,Große Wand,Bürs,Austria,,,2013,,,
Traumfänger,7-,o.s.,Große Wand,Bürs,Austria,,1. SL,2013,,,
1000x berührt,7-,o.s.,Große Wand,Bürs,Austria,,1. SL,2013,,,
Spreizolivia,6-,o.s.,Große Wand,Bürs,Austria,,,2013,,,
Akku-Shit dir,9,,Mittagsfluh,Mittagsfluh,Austria,,Projekt,,X,,
Ixtlan Direkteinstieg,8,,Traumland,Känzele,Austria,,Dyno,2011,,,
Herr Träumerisch,7,o.s.,Traumland,Känzele,Austria,,wunderschön,2011,,2,
Thetis,6+/7-,o.s.,Traumland,Känzele,Austria,,"toll, oben brüchig",2011,,1,
Traumland,6/6+,o.s.,Traumland,Känzele,Austria,,,2011,,,
Rotznase,7,o.s.,Via Johanna,Känzele,Austria,,,2012,,,
Mordikus,7,,Via Johanna,Känzele,Austria,,,2010,,,
Frühstart,6+,,Via Johanna,Känzele,Austria,,lange her seit dem ersten Versuch,2013,,,
Via Johanna,6,,Via Johanna,Känzele,Austria,,,2012,,,
Kipit,8+/9-,,Kipit,Känzele,Austria,,"anhaltend an Sloperleisten, genial, toller Fels",2012,,2,
Rainy Day Dream Away,7,,Mauerläufer,Känzele,Austria,,"""Langzeitprojekt"", eine der ersten schweren Routen am Fels, lange her",2010,,,
Flatterwilli,7-,,Mauerläufer,Känzele,Austria,,,2010,,,
Time out,6-,,Mauerläufer,Känzele,Austria,,"sehr, sehr schöne Verschneidung",2010,,2,
Frieda Frech,8-,o.s.,Superfiction,Känzele,Austria,,ich glaube meine erste 8- on-sight,2010,,,
Nonplusultra,10-,,Ultradächer,Selter,Germany,,"dachte es wäre 9/9+ und hat sich ziemlich hart angefühlt, dafür fast im 2. Go gemacht, dann musste ich gehen",,X,,
Die Gewalt der Gewaltlosen,9+/10-,,Lüerdisser Klippen,Iht,Germany,hard,"Klassiker, cool den mal gemacht zu haben! Niemals 9+",2015-08-01,,3,
Dachverschneidung,8/8+,,Lüerdisser Klippen,Iht,Germany,hard,"schwer für 8+, ausgesetzte Plattenkletterei, oben kann ein cooles eine Hand hängen Foto gemacht werden am Kamel :-)",,X,3,
Talseite,8,,Lüerdisser Klippen,Iht,Germany,hard,Sehr schwer für 8 :O,2015-08-01,,,
Anakonda,7,,Lüerdisser Klippen,Iht,Germany,,"Unglaublich gut! Runout oben, erste 7 in Norddeutschland",2015-08-01,,3,
Rotation,10-,,Drachenwand,Iht,Germany,,leichte Linksschleife (ca. 1m) am ersten kleinen Bauch. Dadurch eher leichter als 10-. Direkt zu klettern ist aber mega definiert..Coole Stelle am Dach!. ,2. October 2017,,1,
Nachbarschaft,9,,Drachenwand,Iht,Germany,,Schwerer 3 Zug Boulder,2015-08-01,,,
Schulterweg,9-,,Drachenwand,Iht,Germany,,"Kraftausdauer, sehr toller Riss, erster 9er in Norddeutschland",2015-08-01,,3,
Via Ferrata,8+,o.s.,Drachenwand,Iht,Germany,,Huiiiiiiii,2015-08-01,,2,
Zwinge,8,o.s.,Drachenwand,Iht,Germany,hard,schwer,2015-08-01,,,
Drachentöter,7+,,Drachenwand,Iht,Germany,,toll,2015-08-01,,2,
Intifada,8/8+,,Kirchlispitzen,Rätikon,Switzerland,MP,"in einer SL einmal gestürzt. Super Tour, sehr anhaltend und anstrengend, psychisch anspruchsvoll und schwere Plattenstellen. Scary letzte SL",2015-08-01,,3,
Galadriel,8-,,Kirchlispitzen,Rätikon,Switzerland,MP,"Mehrseillängerntour 8 SL, erste richtige Mehrseillängentour",2011,,3,
Haldejoli,7,o.s.,Kirchlispitzen,Rätikon,Switzerland,MP,geniale Plaisirkletterei!!!,2015-08-01,,3,
Klangspender,8,,Amberg,Amberg,Austria,hard,"sehr, sehr schwer für 8 :O 5 Versuche oder so, bis zum 2. Umlenker",2014,,,
Venusfalle,8-,o.s.,Amberg,Amberg,Austria,,Platte!!,2013,,,
Blau,9+,,Rotachberg,Allgäu,Germany,,ein mal dagewesen. Klasse Route. Mal abholen!,2015-08-01,,2,
Geisterstunde,9+,,Rotachberg,Allgäu,Germany,,,,X,,
Werk 3,9-,,Rotachberg,Allgäu,Germany,,,,X,,
Berlin Wall,8+,o.s.,Rotachberg,Allgäu,Germany,,,2015-08-01,,,
Via Cascado,7+,o.s.,Rotachberg,Allgäu,Germany,,,2015-08-01,,,
Grüße Aus Wien,8+,o.s.,Löchlefels,Donautal,Germany,,"Erste 8+ o.s., glaube ich",2012,,,
Lochstreifen,7,F,Löchlefels,Donautal,Germany,,,2012,,,
Walking on the moon,10-,,Stuhlfels,Donautal,Germany,hard,ziemlich hart!,,X,,
Stuhlgang,9+,o.s.,Stuhlfels,Donautal,Germany,soft,9+ on sight. Aber sehr sehr soft gefunden. Ist aber glaube ich schon solide,2015-09-01,,1,
Freiflug,10-,2. Go,Zinnen,Donautal,Germany,,2. Versuch. Mega imposante Linie!,29. April 2017,,2,
Apokalypse,9,,Zinnen,Donautal,Germany,hard,"Direktvariante zu Genesis und richtig schwere Einzelstelle, leicht an der Kante bleiben.",29. April 2017,,,
Das Wesen des Wassers,9,,Zinnen,Donautal,Germany,hard,"sicherlich nicht leicht für 9, Plattenkletterei vom Feinsten, oben noch dabei bleiben auf wunderschöner Ausstiegsplatte",2016-04-01,,3,
Genesis,8,o.s.,Zinnen,Donautal,Germany,,"klassische Route aus den 8ern, sehr weite Hakenabstände, muss man die Nerven behalten, stolz auf den onsight!",2016-04-01,,,
Staffellauf,7,o.s.,Zinnen,Donautal,Germany,,"weite Hakenabstände, sehr geiler Klassiker",2016-04-01,,3,
Watzmann,7,o.s.,Zinnen,Donautal,Germany,,"echt scary ohne Keile/Friends. Darf man nicht fallen, sonst geht man drauf...",29. April 2017,,2,
Nevrotica,7a+,o.s.,Cala Fuili (Puschtra),Cala Gonone,Sardinien,,,2013,,,
Araj,7a+/7b,o.s.,Cala Luna,Cala Gonone,Sardinien,,,2013,,,
Pesce Abissale,6c,o.s.,Cala Luna,Cala Gonone,Sardinien,,,2013,,,
Anopfel,6c,o.s.,Cala Luna,Cala Gonone,Sardinien,,,2013,,,
Stressechokardiogramm,8-,F,Amphietheater,Frankenjura,Germany,,super schöne Ausdauertour in perfektem Fels,2015-11-01,,3,
After Eight,10-,,Altbabawand,Frankenjura,Germany,,"kratzige Platte, hautig",,X,,
Coburger Weg,8+,,Altbabawand,Frankenjura,Germany,hard,kein Gimme,3. September 2017,,,
Natz Brams Länger,7,,Altbabawand,Frankenjura,Germany,,super Route!,2015-04-01,,2,
Marian,9+,,Angerstein,Frankenjura,Germany,hard,nicht so leicht!,18. March 2017,,,Psychotherapie ist DIE Linie!
Mehr Sein als Scheinen,9-,F,Angerstein,Frankenjura,Germany,,"knapp, gute Tour mit hirnrissigen Hakenpositionen",18. March 2017,,,Psychotherapie ist DIE Linie!
Freundschaftsweg,7+,,Angerstein,Frankenjura,Germany,hard,die schwerste 7+ Frankens!,,X,,Psychotherapie ist DIE Linie!
XXL,10-,3. Go,Castellwand,Frankenjura,Germany,,"3. Go, sehr abwechslungsreich, 2 Boulder (~6b und 7b)",2016-05-01,,1,
Letzte Ausfahrt Bruck,10-,,Castellwand,Frankenjura,Germany,soft,soft,2016-08-01,,1,
Lila Pause,9-,,Castellwand,Frankenjura,Germany,,sehr schön und lange nass,2016-08-01,,3,
Empathie,8+,o.s.,Castellwand,Frankenjura,Germany,,"kurz und knackig, 4 Züge",2016-05-01,,,
Heavy Metal Landler,8,F,Castellwand,Frankenjura,Germany,F,Einzelstelle an Leisten,2016-05-01,,,
Deutsch-Österreicher-Weg,7+,F,Castellwand,Frankenjura,Germany,F,"scary oben, unten schwer",2016-08-01,,,
Kärwazeit,7-,o.s.,Castellwand,Frankenjura,Germany,,,2016-05-01,,,
Spielwiese,9-,F,Geheimbund,Frankenjura,Germany,,hart mit Dyno,2019-02-06,,,
Am Arsch vorbei,9-,F,Geheimbund,Frankenjura,Germany,,coole Bewegungen,2019-02-06,,1,
Sturzprophylaxe,8-,F,Geheimbund,Frankenjura,Germany,,,2019-02-06,,,
Bastard,10-/10,,Grüne Hölle,Frankenjura,Germany,,"4 Zug Boulder. Von den beiden guten Griffen am ersten Bolt (vorgeclippt) rechts stehen und links Dropknee, dann hochschnappen auf 4 Finger Leiste. Links zu Hand stehen, kurz auf Staplerloch abfassen und Gas geben an slopriges 2 Fingerloch. Dann rechts hohes Dropknee und harter Verlängerer in Kelle. Unten stehen bleiben und auf Leiste abfassen, dann Fuß hochhangeln und links raus auf Kelle",,X,2,
Vögeln Verboten,9+,,Grüne Hölle,Frankenjura,Germany,,"muss man halt mal gemacht haben, sehr hart und poliert, offene 2 und 3 Finger Griffe an den vorderen Gliedern. Echt schwer!",2016-09-01,,2,
Pretty Girls,9+,,Grüne Hölle,Frankenjura,Germany,,"kurzer Boulder. Mit Siegessprung aus dem 7er, da es oben komplett draufgeschifft hat.",5. June 2017,,,
Pebblwyn Happus,9,,Grüne Hölle,Frankenjura,Germany,,"7a Einstiegsboulder und oben Kellen, ganz ok",2016-09-01,,,
Sultan of Swing,8+,2. Go,Grüne Hölle,Frankenjura,Germany,,2. Go,2013,,2,
Heinz Schenk,8,,Grüne Hölle,Frankenjura,Germany,,,2013,,,
Isolation,8-,o.s.,Grüne Hölle,Frankenjura,Germany,,,2013,,2,
Solid Rock,8-,o.s.,Grüne Hölle,Frankenjura,Germany,,,2013,,,
Rote Flüh,8-,o.s.,Grüne Hölle,Frankenjura,Germany,,,2013,,,
Schwerter zu Bohrhaken,7+,o.s.,Grüne Hölle,Frankenjura,Germany,,"nicht so toll, Einzelstelle",5. June 2017,,,
Range Rover,7,F,Grüne Hölle,Frankenjura,Germany,,sehr geile 7. Ultrasteil und ultra Kellen an ultra Griffen,2013,,3,
Für unsere kleine Irmi,7-,F,Grüne Hölle,Frankenjura,Germany,,,2013,,,
Vögelmaschine,6+,o.s.,Grüne Hölle,Frankenjura,Germany,hard,gar nicht so einfach!,5. June 2017,,,
Im Schatten der Eiche,10-,3. Go,Intensivstation,Frankenjura,Germany,,"Soft, 3. Go, geniale senkrechte Plattenkletterei an Leisten und Monos. Eine Leiste leider geflext",2015-10-01,,2,
Lichtblick,8,,Intensivstation,Frankenjura,Germany,,,2015-10-01,,,
Stromausfall,8,,Intensivstation,Frankenjura,Germany,hard,hart,2015-10-01,,,
Katapult,9,,Obere Gößweinsteiner Wände,Frankenjura,Germany,,zwei schwere längere stellen an kleinen Stellern mit weiten Hakenabständen,17. May 2017,,3,"sehr schöne gerade Wand mit den ultra Klassikern, wurde freigestellt und dadurch schnell trocken"
Humbug,9-,o.s.,Obere Gößweinsteiner Wände,Frankenjura,Germany,,"die leichteste der 9-, hoher erster Haken aber leicht bis da hin.",17. May 2017,,2,"sehr schöne gerade Wand mit den ultra Klassikern, wurde freigestellt und dadurch schnell trocken"
No Chance in Galoshkies,9-,2. Go,Obere Gößweinsteiner Wände,Frankenjura,Germany,,"2. Go, der erste Haken steckt MEGA hoch! Hier darf man nicht fallen, auch gar nicht so leicht. Richtig gute Tour!",17. May 2017,,,"sehr schöne gerade Wand mit den ultra Klassikern, wurde freigestellt und dadurch schnell trocken"
Schleimspur,9-,,Obere Gößweinsteiner Wände,Frankenjura,Germany,,Ein schwerer Sprung,,X,2,"sehr schöne gerade Wand mit den ultra Klassikern, wurde freigestellt und dadurch schnell trocken"
Sautanz,9-,,Obere Gößweinsteiner Wände,Frankenjura,Germany,,"leider nicht onsight, wäre toll gewesen, speckig aber sehr gute, geschichtsträchtige Tour!",2016-06-01,,2,"sehr schöne gerade Wand mit den ultra Klassikern, wurde freigestellt und dadurch schnell trocken"
Never stop exploring,7-,o.s.,Obere Gößweinsteiner Wände,Frankenjura,Germany,,,2016-06-01,,,"sehr schöne gerade Wand mit den ultra Klassikern, wurde freigestellt und dadurch schnell trocken"
Danzer Ged.-Weg,6,o.s.,Obere Gößweinsteiner Wände,Frankenjura,Germany,,nicht schön! Hat den Stern nicht verdient.,17. May 2017,,,"sehr schöne gerade Wand mit den ultra Klassikern, wurde freigestellt und dadurch schnell trocken"
Hammerhai,9/9+,,Gotthardskirche,Frankenjura,Germany,,,2014,,2,"Malerische Wand im Wald, unübersichtlicher Zustieg, manchmal etwas dreckig"
Komodowaran,9,,Gotthardskirche,Frankenjura,Germany,,"direkt über den Wulst richtig schwer, mit Rechtsschleife leichter",,X,,"Malerische Wand im Wald, unübersichtlicher Zustieg, manchmal etwas dreckig"
Pfauenauge,8-,,Gotthardskirche,Frankenjura,Germany,,,2014,,,"Malerische Wand im Wald, unübersichtlicher Zustieg, manchmal etwas dreckig"
Rotfuchs,8-,,Gotthardskirche,Frankenjura,Germany,,,2014,,,"Malerische Wand im Wald, unübersichtlicher Zustieg, manchmal etwas dreckig"
Admiral,8-,,Gotthardskirche,Frankenjura,Germany,,,2014,,,"Malerische Wand im Wald, unübersichtlicher Zustieg, manchmal etwas dreckig"
Kleiner Marder,7,,Gotthardskirche,Frankenjura,Germany,,,2014,,,"Malerische Wand im Wald, unübersichtlicher Zustieg, manchmal etwas dreckig"
Siebenschläfer,6+,,Gotthardskirche,Frankenjura,Germany,,,2014,,,"Malerische Wand im Wald, unübersichtlicher Zustieg, manchmal etwas dreckig"
Elektrischer Sturm in die Hölle,9+,,Klagemauer,Frankenjura,Germany,,sackharter erster und zweiter Zug. Dann immer leichter werdend.,,X,,"abgespeckt, aber classic"
Hurrikan,9+,,Klagemauer,Frankenjura,Germany,hard,"sicher nicht geschenkt für 9+, ziemlich anhaltend schwer bis ganz oben",19. February 2017,,3,"abgespeckt, aber classic"
Windstärke 9,9,F,Klagemauer,Frankenjura,Germany,,immer geil einen Klassiker zu flashen!,19. February 2017,,2,"abgespeckt, aber classic"
Nur in deinem Kopf,9-/9,o.s.,Vierte Dimension,Frankenjura,Germany,,,2014,,,"nette ""leichte"" Touren"
"Alles ist gut, was man gerne tut",8+,o.s.,Vierte Dimension,Frankenjura,Germany,,,2014,,,"nette ""leichte"" Touren"
Na Gut,8-,o.s.,Vierte Dimension,Frankenjura,Germany,,,2014,,,"nette ""leichte"" Touren"
Lass die Sonne rein,8-,o.s.,Vierte Dimension,Frankenjura,Germany,,,2014,,,"nette ""leichte"" Touren"
Feuerball,10,,Kuhkirchner Wand,Frankenjura,Germany,,"Boulderstelle: links in Schlitz in P.de L., dann über kreuz in zwei Finger loch, links auf Sloper, dann rechte Hand auf Unterfingerloch umdrehen. Dann links auf gute Leiste, Füße WEIT hochstellen: Mit rechts in Schlitz von dem man auch klippt, mit lnks auf abgetretenes Gekreusel. Dann weiter Zug hoch auf schlechte Zange/Leiste. Links aufhocken und auf miesen Sloper abfassen, dann weiter auf gute Leiste verlängern. Dann recht einfacher Zug in Henkel und vorbei...",,X,,
Primeur de Luxe,10-/10,,Kuhkirchner Wand,Frankenjura,Germany,,"Kopfsache, aber toptour",2016-04-01,,3,"saugeile Wand, in der Sonne und direkt an der Straße. Gut bei stömenden Regen"
Fingerverstärker,10-,,Kuhkirchner Wand,Frankenjura,Germany,,cooler Link-up. Sicher nicht 10 glatt!,10.01.17,,2,"saugeile Wand, in der Sonne und direkt an der Straße. Gut bei stömenden Regen"
Fingerfood,10-,2. Go,Kuhkirchner Wand,Frankenjura,Germany,,"zweiter Go, mit Primeur am gleichen Tag. Mega geiler Klettertag!!",2016-04-01,,2,"saugeile Wand, in der Sonne und direkt an der Straße. Gut bei stömenden Regen"
Lochfood,9+,,Kuhkirchner Wand,Frankenjura,Germany,,Auch ein guter Linkup!,2019-03-17,,,"saugeile Wand, in der Sonne und direkt an der Straße. Gut bei stömenden Regen"
Lochverstärker,9+,,Kuhkirchner Wand,Frankenjura,Germany,,,2014,,2,"saugeile Wand, in der Sonne und direkt an der Straße. Gut bei stömenden Regen"
Flug nach Delhi,8,o.s.,Kuhkirchner Wand,Frankenjura,Germany,,,2014,,,"saugeile Wand, in der Sonne und direkt an der Straße. Gut bei stömenden Regen"
Hänsel ohne Gretel,10,,Holzgauer Wand,Frankenjura,Germany,,"7c Boulder in 9+ Route. Sehr cool! ""Wenn ich einmal durch den Boulder komme, kletter ichs einfach. Gesagt getan",25. August 2017,,3,steile und richtig gute Wand. Vormittags in der Sonne
Nikita,10-,,Holzgauer Wand,Frankenjura,Germany,,"Sauhart, hat sich August 2014 nicht machbar angefühlt, June 2015: geht! Sentember 2016: gemacht. Mega geile Kraftausdauer ohne Schüttler, one of the best!!!",2016-09-01,,3,steile und richtig gute Wand. Vormittags in der Sonne
Casablanca,10-,,Holzgauer Wand,Frankenjura,Germany,,"volldach, Antistyle",,X,1,steile und richtig gute Wand. Vormittags in der Sonne
Triple Eyed Zombie Cat,10-,,Holzgauer Wand,Frankenjura,Germany,,harter Einstiegsboulder,,X,1,steile und richtig gute Wand. Vormittags in der Sonne
Blowjob,9+/10-,F,Holzgauer Wand,Frankenjura,Germany,,Oh yes! Erste richtige 8a flash,25. August 2017,,2,steile und richtig gute Wand. Vormittags in der Sonne
Kinderriegel,9+/10-,,Holzgauer Wand,Frankenjura,Germany,,easy mit Ausdauer,2016-10-01,,2,steile und richtig gute Wand. Vormittags in der Sonne
L´eau rage,9+/10-,,Holzgauer Wand,Frankenjura,Germany,,im strömenden Regen bei der totalen Siffe. Man muss nur drüber stehen :P,2015-06-01,,3,steile und richtig gute Wand. Vormittags in der Sonne
Nimué,9,,Holzgauer Wand,Frankenjura,Germany,,schön und ausdauernd,2014,,3,steile und richtig gute Wand. Vormittags in der Sonne
Ostwand,8+,o.s.,Holzgauer Wand,Frankenjura,Germany,,"unlohnend, harter Einstieg",2014,,0,steile und richtig gute Wand. Vormittags in der Sonne
Für Charles Mingus,8-,o.s.,Holzgauer Wand,Frankenjura,Germany,,nicht leicht. Ganz okay,2014,,1,steile und richtig gute Wand. Vormittags in der Sonne
Igelweg,7+,o.s.,Holzgauer Wand,Frankenjura,Germany,,total scheiße im wahrsten Sinne des Wortes (Vogelmist),2016-09-01,,0,steile und richtig gute Wand. Vormittags in der Sonne
Direkter Dohlenweg,7-,F,Holzgauer Wand,Frankenjura,Germany,,sehr schön,1. September 2017,,2,steile und richtig gute Wand. Vormittags in der Sonne
Weißer Streifen,8-,F,Weidener Wand,Frankenjura,Germany,,,2014,,3,
Mephisto,9-/9,o.s.,Toni Schmid Ged.-Wand,Frankenjura,Germany,,sau anstrengend!,25. August 2017,,2,
Mambo Cavallero,8+/9-,,Toni Schmid Ged.-Wand,Frankenjura,Germany,,völlig gepumt,,X,,
Gundis Wunsch,8-,F,Toni Schmid Ged.-Wand,Frankenjura,Germany,,schön,2016-10-01,,2,
Steep Mud,9+/10-,F,Trockauer Wand,Frankenjura,Germany,,GEIL! Fit!,01-06-2019,,,
Mars Attacks,9-/9,2. Go,Trockauer Wand,Frankenjura,Germany,,2. Go,2014,,1,etwas dreckig aber gut
Steinlaus,8+,o.s.,Trockauer Wand,Frankenjura,Germany,,,01-06-2019,,,
Cubana,8+,F,Trockauer Wand,Frankenjura,Germany,hard,sehr schwer,2014,,,etwas dreckig aber gut
Black Pearl,10-,,Trautner Gedenk Wand,Frankenjura,Germany,,"anscheinend ein Griff ausgebrochen, ziemlich cooler Boulder! Erster Klettertag nach mega langer Lernphase. LÄUFT!!!",2. August 2017,,2,die geilsten 8er.... 
Bis zum bitteren Ende,8+,o.s.,Trautner Gedenk Wand,Frankenjura,Germany,,"mega gepumpt :-D Geile Tour, sehr abwechslungsreich",2. August 2017,,2,die geilsten 8er.... 
GoGo,8+,o.s.,Trautner Gedenk Wand,Frankenjura,Germany,soft,schenkt sich nichts mit den 8ern vom Grad,2. August 2017,,,die geilsten 8er.... 
Non Stop,8,o.s.,Trautner Gedenk Wand,Frankenjura,Germany,hard,schwer und pumpig,2. August 2017,,,die geilsten 8er.... 
Condor,8,F,Trautner Gedenk Wand,Frankenjura,Germany,,Einzelstelle,2. August 2017,,,die geilsten 8er.... 
Duell,9-,F,Treunitzer Klettergarten,Frankenjura,Germany,,Ein Zug 9-. Der eine Zug ist cool!,2019-03-17,,,
Kante,8,o.s.,Treunitzer Klettergarten,Frankenjura,Germany,,Im dunkeln nach der Kuhkirchner mit Jakob. Völlig am Ende :-D,2019-03-17,,,
Das Imbärium schlägt zurück,8-,o.s.,Treunitzer Klettergarten,Frankenjura,Germany,,,2019-03-17,,,
Roadrunner,10-,,Tüchersfelder Wand,Frankenjura,Germany,,,,X,,
Fanal,10-,,Krottenseer Turm,Frankenjura,Germany,,"harte Boulderstelle oben, kein Umlenker sondern hört im Gestrüpp auf. Eigentlich ganz cool",2015-09-01,,1,gibts nix zu sagen dazu. Klassiker
Ira Technokratie,9+/10-,,Krottenseer Turm,Frankenjura,Germany,hard,hart!,2014,,3,gibts nix zu sagen dazu. Klassiker
Hitchhike the plane,9/9+,F,Krottenseer Turm,Frankenjura,Germany,soft,,2014,,3,gibts nix zu sagen dazu. Klassiker
Chasin' the train,9,2. Go,Krottenseer Turm,Frankenjura,Germany,,2. Go,2014,,3,gibts nix zu sagen dazu. Klassiker
Westwand,8,o.s.,Krottenseer Turm,Frankenjura,Germany,hard,hart,2014,,,gibts nix zu sagen dazu. Klassiker
Zaubermaus,8,o.s.,Mittelbergwand,Frankenjura,Germany,,Brüchig aber super,2015-06-01,,2,Sonnenfels mit Bäumen davor. Etwas brüchig aber gute Touren
Bad Brain,10-,,Maximilianswand,Frankenjura,Germany,,"schwerer Einzelzug, Anfang und Ende 2015 mal versucht, Zug nicht hinbekommen. Wird man stärker?",,X,,verstreut alles. Man findet eigentlich in jedem Grad was
Defenders of the Faith,9-/9,3. Go,Maximilianswand,Frankenjura,Germany,hard,"3. Go, schwer",2014,,,verstreut alles. Man findet eigentlich in jedem Grad was
Amazonenpfeiler,8+,o.s.,Maximilianswand,Frankenjura,Germany,hard,"sehr, sehr schwer",2014,,1,verstreut alles. Man findet eigentlich in jedem Grad was
Anakonda,8+,o.s.,Maximilianswand,Frankenjura,Germany,hard,auch nicht leicht,2014,,,verstreut alles. Man findet eigentlich in jedem Grad was
My home is my Krotti,8,o.s.,Maximilianswand,Frankenjura,Germany,,,2015-09-01,,,verstreut alles. Man findet eigentlich in jedem Grad was
Schnitzel on Seitz,8-,o.s.,Maximilianswand,Frankenjura,Germany,,,2014,,,verstreut alles. Man findet eigentlich in jedem Grad was
Ansbacher Weg,7+,o.s.,Maximilianswand,Frankenjura,Germany,,,2014,,,verstreut alles. Man findet eigentlich in jedem Grad was
Zwiespalt,7,o.s.,Maximilianswand,Frankenjura,Germany,,,2014,,,verstreut alles. Man findet eigentlich in jedem Grad was
Südverschneidung,4,o.s.,Maximilianswand,Frankenjura,Germany,clean,clean,2015-09-01,,,verstreut alles. Man findet eigentlich in jedem Grad was
Powerplay,11-,,Zwergenschloss,Frankenjura,Germany,,"June 2014 mal probiert, viel zu schwer!",,X,3,"saugeiler Fels, auch tolle leichte Routen"
Linie 1,10/10+,,Zwergenschloss,Frankenjura,Germany,,"Mega gutes Teil, Züge gehen so halbwegs. Könnte vielleicht irgendwann mal gehen!??? Eher schwere 10+",,X,3,"saugeiler Fels, auch tolle leichte Routen"
Plan B,10,,Zwergenschloss,Frankenjura,Germany,,"harte Züge im fast waagrechten, Züge gehen halbwegs",,X,,"saugeiler Fels, auch tolle leichte Routen"
Chorus Line,10-,3. Go,Zwergenschloss,Frankenjura,Germany,,"3. Go, coole Tour, beeindruckende Linie, scharfe zwei Finger Knüppler",2016-09-01,,1,"saugeiler Fels, auch tolle leichte Routen"
Twilight,9+/10-,2. Go,Zwergenschloss,Frankenjura,Germany,,"2. Go, soft, coole Tour durch den Torbogen mit abgefahrenen Füße umher werfen, langer Traverse und anschließendem Pump-Gehenkel",27. March 2017,,1,"saugeiler Fels, auch tolle leichte Routen"
Starlight Express,9,,Zwergenschloss,Frankenjura,Germany,,Dachkletterei mit weiten Zügen,2014,,,"saugeiler Fels, auch tolle leichte Routen"
Ich hab´s wollen wissen,9-,,Zwergenschloss,Frankenjura,Germany,hard,schwer!,2014,,,"saugeiler Fels, auch tolle leichte Routen"
Berti Vogts Ged.-Weg,8+,o.s.,Zwergenschloss,Frankenjura,Germany,,,2014,,,"saugeiler Fels, auch tolle leichte Routen"
Reise durch Mittelerden,8,,Zwergenschloss,Frankenjura,Germany,hard,hart und schlecht,,X,0,"saugeiler Fels, auch tolle leichte Routen"
Im 27. Jahr des Zwerges,7+,o.s.,Zwergenschloss,Frankenjura,Germany,,,2014,,,"saugeiler Fels, auch tolle leichte Routen"
Rotkäppchen und die 7 Zwergnasen,7-,o.s.,Zwergenschloss,Frankenjura,Germany,,,2014,,,"saugeiler Fels, auch tolle leichte Routen"
Pouliche,9-,,Schneiderloch,Frankenjura,Germany,hard,"nicht leicht. Von Henkel zu Henkel springen ohne Zwischengriffe, kräftig",2014,,,"Burn for You und Corona als zwei der besten Linien Frankens, total kompakter Fels und immer im Schatten"
Sixtuwohl,7+,o.s.,Stierberger Gemsenwand,Frankenjura,Germany,,,2014,,,"brechend voll an Wochenenden, nicht so schön"
Carpe Diem,7-,o.s.,Stierberger Gemsenwand,Frankenjura,Germany,,,2014,,,"brechend voll an Wochenenden, nicht so schön"
Handriss,6+,F,Stierberger Gemsenwand,Frankenjura,Germany,hard,sehr schwer. ,2014,,,"brechend voll an Wochenenden, nicht so schön"
Odd Fellows,11-,,Pornowand,Frankenjura,Germany,,"Beta: Unterer Teil ist ca. 8a. Voll durchrennen.
Schlechter Schüttler in Crux (Plattenboulder):
Schütteln mit rechts in Seitleiste auf Schulter, Links scharfe, gute Leiste. Dann mit rechts auf schlechte Knolle (3 Finger+Daumen), mit Rechts auf abgetretener Leiste stehen, links auf kleiner Delle (Frosch!), dann links in Untergriff schnappen. Rechts reinlaufen, links auf abgetretene Bank und nochmal rechts auf guten, kleinen Tritt stehen. Dann in Seit/Untergriffknolle mit 2 1/2 Fingern+DAUMEN. Links HOOKEN, beim Hook reinlehnen den rechten Arm gestreckt halten und nach links lehnen. Dann über den Hook nach links schieben und links hoch auf okay Leiste schnappen. 4 Finger+Daumen. Links recht weit hochstehen in offensichtlich besten Tritt. Rechten Fuß reinlaufen auf kleinen, scharfen, abgetretenen Tritt. Hüfte voll nach LINKS! Dann Auf Schulter mit Rechts hoch in sehr schlechten Sloper/Zangen/Leistengriff. Zeigefinder auf minimalen Dorn, den DAUMEN voll in die kleine Schuppe reingraben, nur dann hält er. Hüfte wieder nach rechts positionieren und mit GESTRECKTEM linken Bein weit auf kleine DREIfinger Leiste schnappen. Das sollte der letzte schwere Zug sein. Dann mit rechts direkt vor dem Körper auf Delle stehen, und mit rechts in Schultergriff. Links auf kleinen Dorn stehen, und links in gute Schuppe. Dann rechten Fuß hoch und geschafft!",,X,,einer der geilsten Felsen Frankens!!!!
Schnulleralarm,10,,Pornowand,Frankenjura,Germany,hard,"unten steil mit Dropknees und oben eine diffizile 9- raus. Unglaublich gut! April 2019 endlich geklappt, gleich auf Anhieb :-) Ziemlich oft gefallen, ein mal sogar in der 9-...",2019-04-19,,3,einer der geilsten Felsen Frankens!!!!
MiDiDu,9-,o.s.,Pornowand,Frankenjura,Germany,,"schöne Löcher unten, oben fieses, schmerzhaftes Mono",2019-04-19,,,einer der geilsten Felsen Frankens!!!!
Pi,8-,F,Pornowand,Frankenjura,Germany,,Aufwärmtour hier,2016-06-01,,,einer der geilsten Felsen Frankens!!!!
Bigwall,9-,F,Pottensteiner Wand,Frankenjura,Germany,,"ziemlich soft aber MEGA geile Tour, 30m geile Kletterei (an zum Teil losen Griffen)",2. August 2017,,3,
Riesenslalom Direkt,10,,Püttlacher Wand,Frankenjura,Germany,,Crux an Einfingerlöchern in der Platte und pump oben. Geht!!! Ich falle immer oben... Scheiß! 2017 nach der EP Vertiefung Prüfung im 2. Go abgeholt. Geil! Nicht supr direkt geklettert... Logischste Linie mit der großen Schuppe,7. August 2017,,3,"morgens Sonne drin, sonst schattig."
Graue Eminenz,9,2. Go,Püttlacher Wand,Frankenjura,Germany,,2. Versuch,2014,,1,"morgens Sonne drin, sonst schattig."
Treibjagd,9-,F,Püttlacher Wand,Frankenjura,Germany,,,2014,,2,"morgens Sonne drin, sonst schattig."
Iquebana,8,o.s.,Püttlacher Wand,Frankenjura,Germany,,,2014,,3,"morgens Sonne drin, sonst schattig."
Seniorentreff,8-,o.s.,Püttlacher Wand,Frankenjura,Germany,,,2014,,2,"morgens Sonne drin, sonst schattig."
Abseitsfalle,8-,o.s.,Püttlacher Wand,Frankenjura,Germany,,,2014,,3,"morgens Sonne drin, sonst schattig."
Cool beim Chef,8-,o.s.,Püttlacher Wand,Frankenjura,Germany,,,2014,,2,"morgens Sonne drin, sonst schattig."
Alten Resten eine Chance,7,o.s.,Püttlacher Wand,Frankenjura,Germany,,,2014,,2,"morgens Sonne drin, sonst schattig."
Dirty Work,10-,,Emporwand,Frankenjura,Germany,,"sehr kleine, schmerzhafte Leisten in vertikalem bis plattigem Gelände. Nach oben immer schwerer werdend, coole mittelleichte  Rissverschneidung oben",,X,,
Glasperlenspiel,8,o.s.,Emporwand,Frankenjura,Germany,,"2 Einzelstellen, dazwischen ein 5er",2016-06-01,,,
Nightmare,10,,Eldorado,Frankenjura,Germany,,"10 harte Züge: der Erste sehr weit, Deadpoint von der geilsten Pinch Frankens in ein Mono, oben weite Züge an offenen Leisten",,X,3,"sehr, sehr lange nass nach Regen. Cooler Fels mit brettharten, 60° steilen Routen. Nightmare schaut hammer aus"
Ekel,9+,,Eldorado,Frankenjura,Germany,,"Einstieg ist sehr spannungslastig, oben weite Züge in schlecht abgesichertem Gelände aber ultra fett!",14. September 2017,,3,"sehr, sehr lange nass nach Regen. Cooler Fels mit brettharten, 60° steilen Routen. Nightmare schaut hammer aus"
No More Babysitting for Neurotic Girls Today,9-/9,,Eldorado,Frankenjura,Germany,,hart! Aber auch sehr cool Typisch Fränkisch!,14. September 2017,,1,"sehr, sehr lange nass nach Regen. Cooler Fels mit brettharten, 60° steilen Routen. Nightmare schaut hammer aus"
Glaspatronenmatch,9+,,Endorama,Frankenjura,Germany,,"sehr schöne Ausdauertour. Einstieg war im Durchstieg nass, deswegen Querung Fußtritt nass und sehr schwer. Oben nochmal dranbleiben und an Fingerloch rechts rausziehen.",2015-05-01,,1,"Die Einstiege zu Glaspatronenmatch etc. Sind fast immer nass. New Orleans ist eigentlich immer trocken, morgens kommt die Sonne rein"
Der letze Bohrhakenkrieg,9,,Endorama,Frankenjura,Germany,,"Senkrechte Wandkletterei. Brutale Einfingerlochzüge, schmerzhaft für Finger! Vorsicht!",,X,,"Die Einstiege zu Glaspatronenmatch etc. Sind fast immer nass. New Orleans ist eigentlich immer trocken, morgens kommt die Sonne rein"
Dauermauer,8+,F,Endorama,Frankenjura,Germany,,Dreckig schwerer Einstieg. Der Einstieg zu den 4 Routen dort (mit Glaspatronenmach) ist lange nass!,2015-05-01,,,"Die Einstiege zu Glaspatronenmatch etc. Sind fast immer nass. New Orleans ist eigentlich immer trocken, morgens kommt die Sonne rein"
Papa hat´s gebohrt,8-,o.s.,Endorama,Frankenjura,Germany,,,2013,,,"Die Einstiege zu Glaspatronenmatch etc. Sind fast immer nass. New Orleans ist eigentlich immer trocken, morgens kommt die Sonne rein"
Rechts vom Moos,7,F,Endorama,Frankenjura,Germany,,,2013,,,"Die Einstiege zu Glaspatronenmatch etc. Sind fast immer nass. New Orleans ist eigentlich immer trocken, morgens kommt die Sonne rein"
Ein kleines bisschen Bauch,9+,,Steinberg,Frankenjura,Germany,,tatsächlich ganz coole Boulderzüge,2016-04-01,,1,"Scheißfels, dreckig und die schweren Touren sind total schmerzhaft und unlohnend"
Powerplay,9,F,Steinberg,Frankenjura,Germany,,Campuszüge in der Mitte nach anlaufen von kleinem Untergriff,2016-04-01,,,"Scheißfels, dreckig und die schweren Touren sind total schmerzhaft und unlohnend"
Traveller in Time,9,,Steinberg,Frankenjura,Germany,,"schmerzhaft, dreckig und unlohnend",2016-04-01,,0,"Scheißfels, dreckig und die schweren Touren sind total schmerzhaft und unlohnend"
Energiekriese,8+,F,Steinberg,Frankenjura,Germany,,schwer,2016-04-01,,,"Scheißfels, dreckig und die schweren Touren sind total schmerzhaft und unlohnend"
Geisterfänger,8-,F,Steinberg,Frankenjura,Germany,,ok,2016-04-01,,,"Scheißfels, dreckig und die schweren Touren sind total schmerzhaft und unlohnend"
L´allipinist,7,o.s.,Steinberg,Frankenjura,Germany,,"Steilste 7-, die ich kenne!",2016-04-01,,2,"Scheißfels, dreckig und die schweren Touren sind total schmerzhaft und unlohnend"
Funk Beyond The Call Of Duty,10-,,Schöfflblock,Frankenjura,Germany,soft,1 Tag,2019-03-31,,,Erstaunlich gut!
Schönwetter,9-,o.s.,Schöne Aussicht,Frankenjura,Germany,,,2014,,,"netter Fels für leichte Touren, sonnig, idyllisch"
Schöner Leben,8-,o.s.,Schöne Aussicht,Frankenjura,Germany,hard,Eher 8,2014,,,"netter Fels für leichte Touren, sonnig, idyllisch"
Schöne Aussicht,8-,o.s.,Schöne Aussicht,Frankenjura,Germany,,,2014,,,"netter Fels für leichte Touren, sonnig, idyllisch"
Schöne Platte,8-,o.s.,Schöne Aussicht,Frankenjura,Germany,,,2014,,,"netter Fels für leichte Touren, sonnig, idyllisch"
Schöner Einstieg,7+,o.s.,Schöne Aussicht,Frankenjura,Germany,,,2014,,,"netter Fels für leichte Touren, sonnig, idyllisch"
Schöne Sache,7+,o.s.,Schöne Aussicht,Frankenjura,Germany,,,2014,,,"netter Fels für leichte Touren, sonnig, idyllisch"
Schöner Riss,6+,o.s.,Schöne Aussicht,Frankenjura,Germany,,,2014,,,"netter Fels für leichte Touren, sonnig, idyllisch"
Ekstase,8+,2. Go,Signalstein,Frankenjura,Germany,,2. go,2013,,,Hier ist einmal im Jahr das Signalsteinfels. Da dann eher Bier trinken statt klettern
Südpfeiler,3,o.s.,Signalstein,Frankenjura,Germany,Solo,erste Free Solo,2013,,,Hier ist einmal im Jahr das Signalsteinfels. Da dann eher Bier trinken statt klettern
Killer,10,,Schüttersmühler Wand,Frankenjura,Germany,,"2 Tage, bester 10er Frankens. Echt deluxe!! Unten an der Dachkante mit geilen Hooks ca 9, dann ein 7b+ Boulder. Jeeeeah! Erste 10 in Franken",2015-11-01,,3,
Thriller,10-,,Schüttersmühler Wand,Frankenjura,Germany,,"kann man Trad klettern: 2x BD 0.75, 1x BD 0.4, 1x BD Nut #5 (lila). Scary aber nicht lebensgefährlich",,X,3,
Luftballondach,9,,Schüttersmühler Wand,Frankenjura,Germany,hard,"mein erster richtiger Riss. Faust- und Handklemmer im waagrechten Dach. Cam 3&4 passen, eig braucht man aber nur einen großen Keil.",2016-07-01,,3,
Rechter Höhlendach,7+,o.s.,Schüttersmühler Wand,Frankenjura,Germany,,"Offwidth, 3&4er Cam",2016-07-01,,,
Zentralmassiv,10-,,Bayreuther Riss,Frankenjura,Germany,soft,"Eher 9+/10-. Coole Kletterei an gemachten, kleinen, scharfen Leisten. Zusammen mit der scharfen Henni",4. April 2017,,2,etwas splittriges Gestein aber coole Neuerschließungen
Bela Lugosi,9,o.s.,Bayreuther Riss,Frankenjura,Germany,hard,schweeeeer und kleine Steller!,4. April 2017,,1,etwas splittriges Gestein aber coole Neuerschließungen
Bayreuther Riss,6+,o.s.,Bayreuther Riss,Frankenjura,Germany,,Umlenker ist Schrott!,4. April 2017,,,etwas splittriges Gestein aber coole Neuerschließungen
Killer 9,8,o.s.,Bergler Turm,Frankenjura,Germany,,"nicht gut, unübersichtlich, die Sterne nicht verdient",1. May 2017,,0,"süßer kleiner Turm mit perfekter Aussicht ins Aufseßtal, aka. DAS Türmchen"
Nordwestwand,7,o.s.,Bergler Turm,Frankenjura,Germany,,mit Henni :-) Sehr cool!,11. April 2017,,1,"süßer kleiner Turm mit perfekter Aussicht ins Aufseßtal, aka. DAS Türmchen"
Talseite,4,o.s.,Bergler Turm,Frankenjura,Germany,,"Mit Dominik, nur 2 Haken statt 6 drin. Keine gute Vorstiegstur",25. May 2017,,1,"süßer kleiner Turm mit perfekter Aussicht ins Aufseßtal, aka. DAS Türmchen"
Red Porsche Killer,9-,,Brösel Ged.-Wand,Frankenjura,Germany,,schmerzhaft aber ganz cool. Kann man mal machen :-),25. May 2017,,1,
Back to the Beginning,8,F,Bauernschmitt Gedenk-Wand,Frankenjura,Germany,,ok,2016-10-01,,,
Klondike Cat,11-,,Bärenschlucht,Frankenjura,Germany,,"das wäre cool, wenn es mal geht! Schwerer unterer Teil führt zu Schüttler, gefolgt von Crux. Knüpplig
3x probiert im Frühjahr 2019 – geht",,X,2,"Die ""Arena"". Immer in der Sonne"
Minotauros,10,,Bärenschlucht,Frankenjura,Germany,,"Knüppelleisten, Zweifingersteller, Crux ist vor dem Bauch, davor noch n guter Rest, bis zum Rest ist ca. 9+",12. May 2017,,2,"Die ""Arena"". Immer in der Sonne"
Poseidon,10-,,Bärenschlucht,Frankenjura,Germany,,"müsste schon gehen! Nemesis tour, endlich geklettert, ziemlich easy wenn man die Ausdauer hat. Sehr gute Neuerschließung! Pumpig",2016-10-01,,3,"Die ""Arena"". Immer in der Sonne"
Amboss,10-,,Bärenschlucht,Frankenjura,Germany,hard,"viel mir recht schwer. 2 Tage. Mächtiger, mächtiger Kreuzer an der Dachkante. Voll die Poser Tour – echt cool!",14. March 2017,,2,"Die ""Arena"". Immer in der Sonne"
Center Court,10-,,Bärenschlucht,Frankenjura,Germany,hard,"Boulderstelle, geht! Nach 3 Jahren endlich geklettert, bin ich fit!!",2016-03-01,,3,"Die ""Arena"". Immer in der Sonne"
Bärentöter,9+,,Bärenschlucht,Frankenjura,Germany,hard,rechts der Haken geklettert. Auch so schwer,2016-10-01,,2,"Die ""Arena"". Immer in der Sonne"
Metallica,9+,2. Go,Bärenschlucht,Frankenjura,Germany,hard,"ziemlich schwer, auch eher 8a. 2 Gos, sehr coole Boulderzüge",2016-03-01,,1,"Die ""Arena"". Immer in der Sonne"
Tanz der Arroganz,9+,,Bärenschlucht,Frankenjura,Germany,,super Route!,2015-04-01,,1,"Die ""Arena"". Immer in der Sonne"
Herkules,9/9+,,Bärenschlucht,Frankenjura,Germany,,"Pumpige Powerroute durch großes Dach, große Griffe",2014,,3,"Die ""Arena"". Immer in der Sonne"
Caduta Sassi,9,2. Go,Bärenschlucht,Frankenjura,Germany,,"Sehr gut, eine versteckte Perle. Der obere Teil ist mega spaßig!",2018-02-18,,1,"Die ""Arena"". Immer in der Sonne"
Hydra,9-/9,o.s.,Bärenschlucht,Frankenjura,Germany,,weite Züge an kleinen Knüpplern,2016-10-01,,2,"Die ""Arena"". Immer in der Sonne"
Rauchende Bolts,9-/9,2. Go,Bärenschlucht,Frankenjura,Germany,,"leider nicht im Onsight wie gewünscht aber fantastischste Linie. Uiuiuiui, weit und scary",2015-04-01,,3,"Die ""Arena"". Immer in der Sonne"
Sidewalk,9-,2. Go,Bärenschlucht,Frankenjura,Germany,hard,Richtig gut Gesteinsqualität und der weite HA ist nicht so wild... Sehr lohnend!,2018-02-18,,2,"Die ""Arena"". Immer in der Sonne"
Bückling,9-,,Bärenschlucht,Frankenjura,Germany,,"zweiter Riss in Franken nach dem Luftballondach. Im strömenden Regen! Super cool. Unten Dachkletterei und oben Faust, Hand und Schulterklemmer",2016-10-01,,2,"Die ""Arena"". Immer in der Sonne"
Roter Baron,9-,F,Bärenschlucht,Frankenjura,Germany,,,2014,,2,"Die ""Arena"". Immer in der Sonne"
Bärendreck,8+,o.s.,Bärenschlucht,Frankenjura,Germany,,dreckig und unten schwer. Nicht lohnend!,14. March 2017,,0,"Die ""Arena"". Immer in der Sonne"
Geiersturz,8+,o.s.,Bärenschlucht,Frankenjura,Germany,,viel besser als sie aussieht!,2016-04-01,,2,"Die ""Arena"". Immer in der Sonne"
Abendspaziergang,8/8+,o.s.,Bärenschlucht,Frankenjura,Germany,hard,sackhart!,2016-10-01,,,"Die ""Arena"". Immer in der Sonne"
A. Göttner Ged. Weg,8,F,Bärenschlucht,Frankenjura,Germany,,mittlerweile schon zig mal gemacht zum Aufwärmen,2014,,,"Die ""Arena"". Immer in der Sonne"
Monis Albtraum,7,o.s.,Bärenschlucht,Frankenjura,Germany,,,2014,,,"Die ""Arena"". Immer in der Sonne"
Kreuzzug,6+,,Bärenschlucht,Frankenjura,Germany,,Richtig cool mit Luft unter den Sohlen,2018-02-18,,3,"Die ""Arena"". Immer in der Sonne"
Purzelbaum,8,F,Burggruber Wand,Frankenjura,Germany,,nett zum aufwärmen,6. September 2017,,,
King Lui,9,,Diebesloch,Frankenjura,Germany,,supergeil!,2014,,3,steiler und henkeliger Fels
Beavis & Butthead,9-,,Diebesloch,Frankenjura,Germany,,leider ist ein Untergriff lange nass,2014,,2,steiler und henkeliger Fels
Kampfei,8,o.s.,Diebesloch,Frankenjura,Germany,,"nett, weite Züge",2014,,2,steiler und henkeliger Fels
Blutspur,8-,o.s.,Diebesloch,Frankenjura,Germany,hard,schwer für 8-,2014,,,steiler und henkeliger Fels
Liebestöter,8-,F,Diebesloch,Frankenjura,Germany,,scheiße!,2014,,0,steiler und henkeliger Fels
Liebesspiele,7+,F,Diebesloch,Frankenjura,Germany,,eher unlohnend aber ok,2014,,1,steiler und henkeliger Fels
Quergang,7+,o.s.,Diebesloch,Frankenjura,Germany,,"große Kellen, kräftig",2014,,1,steiler und henkeliger Fels
Bonny & Clyde,7,o.s.,Diebesloch,Frankenjura,Germany,,sehr schön,2014,,2,steiler und henkeliger Fels
"Quäl dich, du Sau",10/10+,,Erinnerungswand,Frankenjura,Germany,,"im aktuellen Führer 10+ aber ich denke 10/10+ passt ganz gut. Neuer Schritt in einen neuen Grad, 5 Versuche über 2 Tage, im 2. richtigen Go gleich abgeknipst",10.05.18,,3,
Peacemaker,9+,,Erinnerungswand,Frankenjura,Germany,,eine der coolsten schweren Rissklettereien in Franken. Geht wohl auch clean. Aber gruuuuuselig!,06.05.18,,3,
City Cobra,9-,F,Erinnerungswand,Frankenjura,Germany,,richtig gut!!! Sehr empfehlenswert,10.05.18,,2,
Villa Concordia,8-,o.s.,Erinnerungswand,Frankenjura,Germany,,,06.05.18,,,
Titanic,9+/10-,2. Go,Folterkammer,Frankenjura,Germany,,Schwer und weite HA. Aber MEGA geile Tour!,02-06-2019,,3,
Eiserne Jungfrau,9/9+,o.s.,Folterkammer,Frankenjura,Germany,,"Stolzer On-sight, geile Challenge!",02-06-2019,,2,
Posthum,7+,o.s.,Folterkammer,Frankenjura,Germany,,,02-06-2019,,,
Ejakulation,8,o.s.,Freudenhaus,Frankenjura,Germany,,echt schön! Unten kleingriffig,01.11.17,,1,super Wand in der Sonne für leichte und schwere Touren
Jürgen Würgen,8-,F,Freudenhaus,Frankenjura,Germany,,"Einzelstelle, cooler Name :-D",01.11.17,,,super Wand in der Sonne für leichte und schwere Touren
Venusfalle,6,o.s.,Freudenhaus,Frankenjura,Germany,,Gut!,01.11.17,,2,super Wand in der Sonne für leichte und schwere Touren
Thumps up!,10,,Fuchsloch,Frankenjura,Germany,,"Mikroleisten, stellt man sich gut die Finger durch. Kleine Tritte",,X,2,"imposante Nordwand, fast nur Plattenkletterei. Red Line ist die mega Wandkletterei"
Projekt Scheibenwischer,10-/10,,Fuchsloch,Frankenjura,Germany,,Boulder nach der einfachen Verschneidung und ein anstrengender Clip. Nicht die Traumtour aber ganz okay,,X,2,"imposante Nordwand, fast nur Plattenkletterei. Red Line ist die mega Wandkletterei"
Red Line,9,,Fuchsloch,Frankenjura,Germany,,toll! Fantastische Wandkletterei mit oben nochmal Abtropfstelle,2015-07-01,,3,"imposante Nordwand, fast nur Plattenkletterei. Red Line ist die mega Wandkletterei"
Sollenberger Weiße,8+,F,Fuchsloch,Frankenjura,Germany,,"harter Einstieg, dann leichtes Getänzel",2015-07-01,,,"imposante Nordwand, fast nur Plattenkletterei. Red Line ist die mega Wandkletterei"
Oxymoron,9+,,Frankendorfer Klettergarten: Landrichterseite,Frankenjura,Germany,,Coole senkrechte Kletterei an Leisten und Slopern,,X,,"sehr schöne, senkrechte Wand mit aufregendem Zustieg (Schlitterpiste), die bei Regen zu nem 10er wird"
Richard Alt Ged.-Weg,9-,F,Frankendorfer Klettergarten: Landrichterseite,Frankenjura,Germany,,Einzelstelle,2014,,,"sehr schöne, senkrechte Wand mit aufregendem Zustieg (Schlitterpiste), die bei Regen zu nem 10er wird"
Orgasmatron,8,F,Frankendorfer Klettergarten: Landrichterseite,Frankenjura,Germany,,,2014,,,"sehr schöne, senkrechte Wand mit aufregendem Zustieg (Schlitterpiste), die bei Regen zu nem 10er wird"
Grand Crue,8-,o.s.,Frankendorfer Klettergarten: Landrichterseite,Frankenjura,Germany,,,2014,,,"sehr schöne, senkrechte Wand mit aufregendem Zustieg (Schlitterpiste), die bei Regen zu nem 10er wird"
Rechte Badwanna,7,F,Frankendorfer Klettergarten: Landrichterseite,Frankenjura,Germany,hard,schwerster 7er den ich je gemacht habe!,2014,,,"sehr schöne, senkrechte Wand mit aufregendem Zustieg (Schlitterpiste), die bei Regen zu nem 10er wird"
Kombination,10,,Marientaler Wände,Frankenjura,Germany,,beste Tour in der Wand!,,X,3,schattige Sommerwand für die ganze Familie (6-10. Grad)
Holyfield,10-,1 Tag,Marientaler Wände,Frankenjura,Germany,,"ein Tag, cooler Boulder mit weitem Sturz; keine Möglichkeit zu chalken: Luft holen und ab geht´s. Fit! Abends mit Moritz, Adam, Milena,... Bier, Joint, containerte Suppe und Rumpsteak",2016-10-01,,3,schattige Sommerwand für die ganze Familie (6-10. Grad)
Verbindung,10-,,Marientaler Wände,Frankenjura,Germany,soft,"Erste 10- in Franken, soft",2015-05-01,,2,schattige Sommerwand für die ganze Familie (6-10. Grad)
Amphibientraverse,9+/10-,,Marientaler Wände,Frankenjura,Germany,,ultra der fight! Fast an jedem Zug runter gefallen. Eigentlich ne scheiß tour aber mit Leftfield an einem mega geilen Klettertag zusammen weggekloppt!,7. April 2017,,1,schattige Sommerwand für die ganze Familie (6-10. Grad)
Leftfield,9+/10-,,Marientaler Wände,Frankenjura,Germany,,"schwerer Sloperboulder direkt unter dem Umlenker, sehr abhängig von Nässe und Temperatur",7. April 2017,,2,schattige Sommerwand für die ganze Familie (6-10. Grad)
Ab durch die Mitte,9+,2. Go,Marientaler Wände,Frankenjura,Germany,,"2. Go, Dynamo von Zange links in fetten Henkel. Trotz der Länge eigentlich nur eine Boulderstelle",2015-05-01,,3,schattige Sommerwand für die ganze Familie (6-10. Grad)
Kraftfeld,9+,,Marientaler Wände,Frankenjura,Germany,,,2015,,0,schattige Sommerwand für die ganze Familie (6-10. Grad)
The Left Side of Darkness,9,F,Marientaler Wände,Frankenjura,Germany,,ungewöhnliche Züge,2016-10-01,,,schattige Sommerwand für die ganze Familie (6-10. Grad)
Stromlinie,9,,Marientaler Wände,Frankenjura,Germany,,,2015,,2,schattige Sommerwand für die ganze Familie (6-10. Grad)
Saftfeld,9-,o.s.,Marientaler Wände,Frankenjura,Germany,,"kurze Boulderroute, oben leicht nach links",2015-05-01,,,schattige Sommerwand für die ganze Familie (6-10. Grad)
Hängt a weng über,8+,F,Marientaler Wände,Frankenjura,Germany,,Oben riesen Runouts oder wackelige Schlingen klippen.,2015-05-01,,,schattige Sommerwand für die ganze Familie (6-10. Grad)
Ammonit,8,,Marientaler Wände,Frankenjura,Germany,,"coole Strukturen, oben schwer",2015,,,schattige Sommerwand für die ganze Familie (6-10. Grad)
Ramin,7+,o.s.,Marientaler Wände,Frankenjura,Germany,,"runout in der Gufel, da deckt man....",2016-10-01,,,schattige Sommerwand für die ganze Familie (6-10. Grad)
Katze Sudan,7+,o.s.,Marientaler Wände,Frankenjura,Germany,,schöne Aufwärmtour,2016-10-01,,1,schattige Sommerwand für die ganze Familie (6-10. Grad)
Hasenfuß,6+,o.s.,Marientaler Wände,Frankenjura,Germany,,"unten schwer, oben weite Züge an guten Griffen",13. May 2017,,,schattige Sommerwand für die ganze Familie (6-10. Grad)
Trittbrettfahrer,6+,o.s.,Marientaler Wände,Frankenjura,Germany,,unten und oben tricky aber recht homogen,13. May 2017,,,schattige Sommerwand für die ganze Familie (6-10. Grad)
High Gravity Day,9/9+,,Moritzer Turm,Frankenjura,Germany,,,,X,,
Freischwimmer,8+,o.s.,Moritzer Turm,Frankenjura,Germany,hard,schwer für den Grad,2014,,,
Starkstrom,10-,2. Go,Kalte Wand,Frankenjura,Germany,,"2. GO!!! Fast geflasht, saugeil!",2015-07-01,,1,
Captain Iglo,9,F,Kalte Wand,Frankenjura,Germany,soft,"Eher 9-/9, sicher nicht 9/9+",2015-07-01,,,
Nur Fliegen ist schöner,8+,o.s.,Klausener Wand,Frankenjura,Germany,,,2014,,3,
Lichtblick,8+,o.s.,Klausener Wand,Frankenjura,Germany,,,2014,,,
Obermühlenriss,6+,o.s.,Klausener Wand,Frankenjura,Germany,,,2014,,,
Still Alive,10,,Schiefer Tod,Frankenjura,Germany,,"fett! Unten Boulder, Schüttler und Kraftausdauer an ganz guten Griffen. Unterer Boulder: Von Horn auf kl. Leiste mit rechts, links schwer in unangenehmen Untergriff hacken, mit rechts verlängern auf ok Leiste, dann links anhocken und links hochfeuern auf gute Leiste. Obere Stelle: Von Unter/Seitgriff doppelt verlängerte Exe klippen, dann mit Links den Fingerficker halten, mit rechts auf schlechte Leiste, links auf kl. Tritt anhocken und in Powerpack Loch ziehen. Rechts anhocken und auf abschüssiges 2 Fingerloch ziehen. Linken Fuß hochkicken und links in Untergriff ziehen. Beherzt auf Leiste mit rechts schnappen, links anhocken und hochziehen in Seitgriff. Von hier runter klippen und es ist eig. Vorbei.",,X,2,
Morlock Schocker,10,,Schlaraffenland,Frankenjura,Germany,,Der beste und härteste 10er Frankens!,,X,3,
Odins Tafel,10,4 Tage,Schlaraffenland,Frankenjura,Germany,,"Züge gehen alle, ich denke das geht! Oh yes!!!!4 Tage dieses Jahr",7. June 2017,,3,Sommerfels
Götterhämmerung,9+,,Schlaraffenland,Frankenjura,Germany,,"Geil, Zangen, Achtung Baum im Rücken!!! Pumpig und schwer oben.",7. June 2017,,3,Sommerfels
Commander Superfinger,9-,,Schlaraffenland,Frankenjura,Germany,,kleingriffig!,27. May 2017,,1,Sommerfels
Pasta Tricolore,8+,F,Schlaraffenland,Frankenjura,Germany,,tolle Route mit Schlüsselstelle in der Mitte,2015-06-01,,2,Sommerfels
Drachen,7,F,Schlaraffenland,Frankenjura,Germany,,tolle Aufwärmtour mit zwei schweren Passagen,2016-06-01,,2,Sommerfels
Boeuf au vin,5-,F,Schlaraffenland,Frankenjura,Germany,,,27. May 2017,,,Sommerfels
Ghettoblaster,10,,Rabenfels,Frankenjura,Germany,hard,"mit rechts an Leiste und links an Mono in Platte starten. Dann rechts auf Zange ziehen, schwerer Clip. Mit links auf 2Fingerloch am Bolt und auf 2 Finger drescher hochziehen. Ringfinger tief und Mittelfinger draufgestellt. Sehr schwerer Zug auf linkes Loch am Doppelloch. Stehen bleiben und so doppeln. Dann Füße hochhangeln und mit links auf 2Fingerloch (vordere 2 Finger) neben Exe ziehen. Fuß steht nicht, schwerer Clip. Rechts zwei Finger Loch, weiter Zug mit links hoch in das erste Mono. Abfassen auf rechtes zwei Finger Loch, Füße hochstellen, rechts Knie leicht eindrehen und hochfeuern auf das Mono (schwer zu treffen). Mit links an die Exe stehen, auf 2 Finger Knüppler abfassen, Loch rechts nachstopfen und mit links verlängern auf ok Leiste. Füße kontrolliert hochstellen mit rechts auf schlechtes Loch, dann mit Rechts auf Leiste im Querriss fassen. Links stehen (sehr schlechte Tritte), links im Loch ist ein Seitgriff, dann rechts auf Henkel ziehen und von dort clippen. Rest ist leicht",,X,3,
Auerbacher Weg,8,o.s.,Rabenfels,Frankenjura,Germany,,Einzelstelle,29. September 2017,,,
Die Kante,10-,,Rotenstein,Frankenjura,Germany,,"sehr anspruchsvolle Kantenkletterei, nicht von schlechten Eltern mit weiten Hakenabständen und schweren Clips, 1. Haken nicht vorgeklippt",7. October 2017,,3,sehr beeindruckend! Viele harte Touren
Die Kante links,10-,2. Go,Rotenstein,Frankenjura,Germany,,"2. Go, soft, mit Thommy als er Elder Statesman geklettert ist.",03.11.17,,3,sehr beeindruckend! Viele harte Touren
Engel & Bestien,9+,,Rotenstein,Frankenjura,Germany,,"auch sehr schwer, vor allem der Einstieg",,X,1,sehr beeindruckend! Viele harte Touren
Fat Patrol,9-/9,o.s.,Rotenstein,Frankenjura,Germany,,"schwerer Onsight, weite HA, Classic von Güllich",03.11.17,,3,sehr beeindruckend! Viele harte Touren
Team Masturbation,8+,F,Rotenstein,Frankenjura,Germany,,sehr anspruchsvoll!,19. September 2017,,2,sehr beeindruckend! Viele harte Touren
Teufelsriss,7,o.s.,Rotenstein,Frankenjura,Germany,,"anspruchsvolle Riss- und Verschneidungskletterei. Puh, sowas vor 100 Jahren schon geklettert! :-O",7. October 2017,,2,sehr beeindruckend! Viele harte Touren
Frankenschnellweg,7,o.s.,Rodenstein,Frankenjura,Germany,,schön! Sehr von mir beeindruckender Typ war da als ich das geonsighted habe :-D,7. September 2017,,2,
Georgenriss,6+,o.s.,Rodenstein,Frankenjura,Germany,,Handklemmer unten,7. September 2017,,,
Dinopfeiler,4,o.s.,Rodenstein,Frankenjura,Germany,,,7. September 2017,,,
Rodensteinkamin,3+,o.s.,Rodenstein,Frankenjura,Germany,,schrubbischrubb,7. September 2017,,2,
Schiefer Riss,3,o.s.,Rodenstein,Frankenjura,Germany,,,7. September 2017,,,
Schlaifhausener Kante,3,o.s.,Rodenstein,Frankenjura,Germany,,"zusammen mit Friedi, Mayke und Jens",7. September 2017,,,
Equipe Tricolore,10-,,Rolandfels,Frankenjura,Germany,hard,"wunderschön, pressig an Untergriffen",31. March 2017,,3,"splittriger Fels, klettert sich jedoch sehr gut. Tolle Routen, Fels ist durch Laub im Halbschatten"
Nullkommanix,10-,3. Go,Rolandfels,Frankenjura,Germany,soft,"ein schwerer Zug in den Untergriff im Dach. Cool. 8A/8a+, 3.Go",2015-04-01,,,"splittriger Fels, klettert sich jedoch sehr gut. Tolle Routen, Fels ist durch Laub im Halbschatten"
Respect,9+/10-,,Rolandfels,Frankenjura,Germany,hard,"unten schwer, wohl was ausgebrochen!",2. September 2017,,,"splittriger Fels, klettert sich jedoch sehr gut. Tolle Routen, Fels ist durch Laub im Halbschatten"
Infiziert,9+,,Rolandfels,Frankenjura,Germany,hard,"schwer für 9+, wird auch als 8a gehandelt, schwer bis ganz zum Schluss!! 4. Go",2014,,3,"splittriger Fels, klettert sich jedoch sehr gut. Tolle Routen, Fels ist durch Laub im Halbschatten"
"Osama, du Sau!",9/9+,,Rolandfels,Frankenjura,Germany,hard,richtig gut! Auch nicht leicht,2. September 2017,,2,"splittriger Fels, klettert sich jedoch sehr gut. Tolle Routen, Fels ist durch Laub im Halbschatten"
66° Nord,9,o.s.,Rolandfels,Frankenjura,Germany,,Kacktour,2015-04-01,,,"splittriger Fels, klettert sich jedoch sehr gut. Tolle Routen, Fels ist durch Laub im Halbschatten"
Die Vollendung,8+,o.s.,Rolandfels,Frankenjura,Germany,,Fantastisch!,31. March 2017,,,"splittriger Fels, klettert sich jedoch sehr gut. Tolle Routen, Fels ist durch Laub im Halbschatten"
Ronaldo,7+,o.s.,Rolandfels,Frankenjura,Germany,,schön,2015-04-01,,,"splittriger Fels, klettert sich jedoch sehr gut. Tolle Routen, Fels ist durch Laub im Halbschatten"
Dein ist mein ganzes Herz,7+,o.s.,Rolandfels,Frankenjura,Germany,,Müll!,28. March 2017,,0,"splittriger Fels, klettert sich jedoch sehr gut. Tolle Routen, Fels ist durch Laub im Halbschatten"
Jo-Jo,7+,o.s.,Rolandfels,Frankenjura,Germany,,ist okay,2015-04-01,,,"splittriger Fels, klettert sich jedoch sehr gut. Tolle Routen, Fels ist durch Laub im Halbschatten"
Für Lea,6+,F,Rolandfels,Frankenjura,Germany,,,2. September 2017,,,"splittriger Fels, klettert sich jedoch sehr gut. Tolle Routen, Fels ist durch Laub im Halbschatten"
Immer der Nase nach!,9-,o.s.,Rote Wand,Frankenjura,Germany,,schwerer Onsight,2014,,,"weite Hakenabstände, zum Teil Keile mitnehmen"
Kyrill,9-,o.s.,Rote Wand,Frankenjura,Germany,,Einzelstelle am 1. Haken,2014,,,"weite Hakenabstände, zum Teil Keile mitnehmen"
Ganz schön luftig,8+,,Rote Wand,Frankenjura,Germany,,sackharte Rissverschneidung im Dach bei 30m. Eher glatt 9 als 8+,2016-05-01,,,"weite Hakenabstände, zum Teil Keile mitnehmen"
Brothers in Arms,8,o.s.,Rote Wand,Frankenjura,Germany,,,2014,,,"weite Hakenabstände, zum Teil Keile mitnehmen"
John Lennon,8-,o.s.,Rote Wand,Frankenjura,Germany,,"sehr, sehr schön!",2014,,3,"weite Hakenabstände, zum Teil Keile mitnehmen"
International Bolt Conspiracy,8-,o.s.,Rote Wand,Frankenjura,Germany,,,2014,,,"weite Hakenabstände, zum Teil Keile mitnehmen"
Voice of Miles Davies,8-,,Rote Wand,Frankenjura,Germany,,Toprope,2014,,,"weite Hakenabstände, zum Teil Keile mitnehmen"
Stößerkante,7+,o.s.,Rote Wand,Frankenjura,Germany,,spaßig,3. September 2017,,2,"weite Hakenabstände, zum Teil Keile mitnehmen"
Direkter FBB Weg,7-,o.s.,Rote Wand,Frankenjura,Germany,,Keile!,2014,,,"weite Hakenabstände, zum Teil Keile mitnehmen"
Knupper Ged.-Weg,7,o.s.,Rote Wand,Frankenjura,Germany,,,3. September 2017,,,"weite Hakenabstände, zum Teil Keile mitnehmen"
Gorecki,6+,o.s.,Rote Wand,Frankenjura,Germany,,,3. September 2017,,,"weite Hakenabstände, zum Teil Keile mitnehmen"
Reinhard Karl Ged.-Weg,5+,o.s.,Rote Wand,Frankenjura,Germany,,,3. September 2017,,,"weite Hakenabstände, zum Teil Keile mitnehmen"
Sommerurlaub,5-,o.s.,Rote Wand,Frankenjura,Germany,,etwas dreckig,3. September 2017,,,"weite Hakenabstände, zum Teil Keile mitnehmen"
Die Gelbe,7+,o.s.,Matterhornwand,Frankenjura,Germany,,"Abenteuerliche Unternehmung. Riesige Querung, zweite Seillänge ist ultra dreckig und splittrig. Richtig angsteinflößend. Habe dann irgendwann aufgehört nach 10m über dem Haken und keinem weiterem in Sicht",2016-07-01,,2,"Riesige Wand, beeindruckend mit runden, polierten Griffen"
Thunderbird,10-/10,,Moschendorfer Wand,Frankenjura,Germany,,,,X,,
Metis,10-,,Moschendorfer Wand,Frankenjura,Germany,,Harte 10- vom Tim Kaiser. Boulderstelle aber sehr gut!,2019-06-23,,2,coole Wand wenn man >9+ klettert
50 words for jump,9-,o.s.,Moschendorfer Wand,Frankenjura,Germany,,sau knapp... Voll fertig,2019-06-23,,,
Mr. Nice Guy,8+,o.s.,Mr. Nice Guy Wändle,Frankenjura,Germany,soft,soft,2013,,0,Scheißfels...
Luxus,7-,o.s.,Mr. Nice Guy Wändle,Frankenjura,Germany,hard,hart,2013,,0,Scheißfels...
Frankenstein,9+/10-,5. Go,Stadeltenne,Frankenjura,Germany,,"harter Boulder, 5.Go",2014,,,"windig, schnell trocken"
Zugabe,9-,o.s.,Stadeltenne,Frankenjura,Germany,,zum Aufwärmen :D strong,2014,,3,"windig, schnell trocken"
Maßarbeit,9-,2. Go,Stadeltenne,Frankenjura,Germany,,2. Versuch,2013,,3,"windig, schnell trocken"
Stadeltenne,8-,o.s.,Stadeltenne,Frankenjura,Germany,,,2013,,,"windig, schnell trocken"
Alltag in Franken,7+,o.s.,Stadeltenne,Frankenjura,Germany,,unlohnend,2013,,0,"windig, schnell trocken"
Oberförster Pudlich,7-,F,Wolkensteiner Überhang,Frankenjura,Germany,,"Henkel unten, oben Einzelstelle. Schön lang!",05.11.17,,,
Slimline,10-,,Waldkopf,Frankenjura,Germany,,Es rändert... aber richtig geile Linie,27. August 2017,,3,
Mawis Wampe,9+,,Waldkopf,Frankenjura,Germany,,"genauso schwer wie Slimline, kleinere Griffe, richtige Drescher",27. August 2017,,1,
Headcrash,10+/11-,,Wasserstein,Frankenjura,Germany,hard,Brettharter Boulder,,X,,
Misery,10-,,Wasserstein,Frankenjura,Germany,hard,"Mega geile Tour mit der ultimativen Sloperschüssel, doppel die Toilettenschüssel!",2019-04-07,,3,
Akkupumptour,9-,,Wasserstein,Frankenjura,Germany,,Lang und abgefahren,2019-03-31,,,
Orang Utan,9-,,Wolfsberger Grotte,Frankenjura,Germany,,lange nass,,X,,
Superhussy,6+,o.s.,Wolfsberger Grotte,Frankenjura,Germany,,,2013,,,
Gell Nancy,6,,Wolfsberger Grotte,Frankenjura,Germany,,Toprope,2013,,,
Cringer,10+,,Hängender Stein,Frankenjura,Germany,,,,X,,
Earl Grey,10,3. Go,Herzogenreuther Wand,Frankenjura,Germany,,"MEGA, so geil, die an einem Tag zu klettern! Habe alle Haken aus dem Klettern geclippt",2019-05-12,,3,
Zimbabalooba,9,F,Herzogenreuther Wand,Frankenjura,Germany,,,2019-05-12,,,
Mandela,8+/9-,F,Herzogenreuther Wand,Frankenjura,Germany,,,2019-05-12,,,
Azania,8,o.s.,Herzogenreuther Wand,Frankenjura,Germany,,,2019-05-12,,,
Stoney Road,10-/10,,Hungenberger Wand,Frankenjura,Germany,,3 Schwere Züge an Leisten und Kreuzzug nach pumpigem 9er. Ein schwerer Clip. Scary oben und nochmal weiter leichter Abschlussdynamo,,X,1,Sonnenwand mit Bäumen davor. Im Frühjahr perfekt mit Wiese und richtig schön. Smith&Wesson die Linie hier!
Lea,8,,Hungenberger Wand,Frankenjura,Germany,hard,echt schwer für 8. Wulstig,2015-05-01,,,Sonnenwand mit Bäumen davor. Im Frühjahr perfekt mit Wiese und richtig schön. Smith&Wesson die Linie hier!
Rock Wrestling,10-,,Heinrichsgrotte,Frankenjura,Germany,,"unmöglich, steil und lang",,X,,"weit zu laufen, sehr scharfkantige Löcher"
Das Portal,9-,F,Heinrichsgrotte,Frankenjura,Germany,,,2014,,,"weit zu laufen, sehr scharfkantige Löcher"
Schnullerbacke,8,o.s.,Heinrichsgrotte,Frankenjura,Germany,,,2014,,,"weit zu laufen, sehr scharfkantige Löcher"
Oiga que tal,8,o.s.,Heinrichsgrotte,Frankenjura,Germany,,,2014,,,"weit zu laufen, sehr scharfkantige Löcher"
Flottes Lottchen,8-,F,Heinrichsgrotte,Frankenjura,Germany,,,2014,,,"weit zu laufen, sehr scharfkantige Löcher"
Käptn Nemo,8+,F,Jules-Vernes Wand,Frankenjura,Germany,,,1. April 2017,,,
Affenschaukel,8-,o.s.,Zehnerstein,Frankenjura,Germany,,"In der Sonne..., wahnsinnig schwere erste SL! (Seifertriss, 6+)",2013,,,sonnig
Oma Eichler,6,o.s.,Zehnerstein,Frankenjura,Germany,,stolze Hakenabstände unten,2013,,,sonnig
Schartenwand,5+,F,Zehnerstein,Frankenjura,Germany,,mit Kleimmkeilen abgesichert :-) Eine der ersten Klemmkeilrouten,2013,,,sonnig
Red Handed,10-,,Ringlerwand,Frankenjura,Germany,,,,X,,
Nagini,10-,2. Go,Ringlerwand,Frankenjura,Germany,,"Cool, aber mMn nach gleich schwer wie Inquisition",2019-05-13,,,
Inquisition,9+/10-,3. Go,Ringlerwand,Frankenjura,Germany,,aaaaabgefahrener Kreuzer vom Mono weg!,2019-04-03,,2,
Civil War,9-,o.s.,Ringlerwand,Frankenjura,Germany,,"unten hart, sollte man vorclippen wenn man nicht drüber steht",2019-04-03,,,
Fantastic Max,9-,o.s.,Ringlerwand,Frankenjura,Germany,,,2019-04-03,,,
Aero Dynamo,8/8+,F,Ringlerwand,Frankenjura,Germany,,,2019-04-03,,,
Bella,8,o.s.,Ringlerwand,Frankenjura,Germany,,,2019-04-03,,,
Fliegender Holländer,8-,o.s.,Ringlerwand,Frankenjura,Germany,,,2019-05-13,,,
Hebentanz,9-,2. Go,Röthelfels,Frankenjura,Germany,,2. Go,2013,,,"nett, wenn man nicht so schwer klettert. Sonst etwas unbefriedigend"
Gelbe Wand,8,,Röthelfels,Frankenjura,Germany,hard,sauschwer. Könnte auch als 9- durchgehen,,X,,"nett, wenn man nicht so schwer klettert. Sonst etwas unbefriedigend"
Falco,8,o.s.,Röthelfels,Frankenjura,Germany,,,2013,,,"nett, wenn man nicht so schwer klettert. Sonst etwas unbefriedigend"
Kleines Zebra,7-,o.s.,Röthelfels,Frankenjura,Germany,,,2013,,,"nett, wenn man nicht so schwer klettert. Sonst etwas unbefriedigend"
Ratte,6+,F,Röthelfels,Frankenjura,Germany,,,2013,,,"nett, wenn man nicht so schwer klettert. Sonst etwas unbefriedigend"
Fiese Luise,10,3 Tage,Luisenwand,Frankenjura,Germany,,"leicht bis zum Bauch, dann coole Leisten und Lochzüge, 3 Tage 2017 mit Thommy, 1 Tag 2015.",26. September 2017,,2,plattiger Sommerfels mit schweren Oldscool Klettertouren. Hier gibt es viel zu tun!
Kaum Zeit zum atmen,10-,,Luisenwand,Frankenjura,Germany,hard,Erste 10- im nördlichen Frankenjura und sicher eine der ersten der Welt. Wieder mit Tommy zusammen als er seine zweite 9a geklettert hat. Gutes Gedresche!,05.05.18,,2,plattiger Sommerfels mit schweren Oldscool Klettertouren. Hier gibt es viel zu tun!
Team Motivation,9/9+,,Luisenwand,Frankenjura,Germany,hard,gar nicht mal leicht. Dafür sehr sehr gut!,2016-06-01,,3,plattiger Sommerfels mit schweren Oldscool Klettertouren. Hier gibt es viel zu tun!
Volk Heckmann Ged.-Weg,9,,Luisenwand,Frankenjura,Germany,,"Schrubber Kamin oben, kommt auf die König'sche Risskletterliste!",05.05.18,,3,plattiger Sommerfels mit schweren Oldscool Klettertouren. Hier gibt es viel zu tun!
Sexappeal,8+,,Luisenwand,Frankenjura,Germany,hard,sackharte Einzelstelle an 2 Finger Stellern,05.05.18,,,plattiger Sommerfels mit schweren Oldscool Klettertouren. Hier gibt es viel zu tun!
Fakir,8,F,Luisenwand,Frankenjura,Germany,hard,gar nicht so leicht oben!,05.05.18,,,plattiger Sommerfels mit schweren Oldscool Klettertouren. Hier gibt es viel zu tun!
21 days,10,,Leupoldsteiner Wand,Frankenjura,Germany,soft,"Eher 10-/10, gute Züge, volle Sikatour, Kikerle",18-06-2019,,,
Master of Desaster,10-,,Leupoldsteiner Wand,Frankenjura,Germany,,"Boulder --> pumpig, fit!",8. August 2017,,1,komplett im Schatten
Eisenvater,9,,Leupoldsteiner Wand,Frankenjura,Germany,soft,soft,8. August 2017,,,komplett im Schatten
"Allmächt, Schrei",6+,o.s.,Leupoldsteiner Wand,Frankenjura,Germany,hard,,18-06-2019,,,
Variante,5,o.s.,Leupoldsteiner Wand,Frankenjura,Germany,hard,"definitiv Klemmkeile mitnehmen, schlechte Tritte",10-06-2019,,,
Kraftmeier,5,o.s.,Leupoldsteiner Wand,Frankenjura,Germany,,Vollspeck,2014,,0,komplett im Schatten
Egoist,5,o.s.,Leupoldsteiner Wand,Frankenjura,Germany,,,2014,,,komplett im Schatten
Abseits,5,o.s.,Leupoldsteiner Wand,Frankenjura,Germany,,,2014,,,komplett im Schatten
Der Weg durch das Auenland,4,F,Leupoldsteiner Wand,Frankenjura,Germany,,,10-06-2019,,3,
Schlechtes Omen,8+,o.s.,Orakel,Frankenjura,Germany,,"Boulderstelle oben, eigentlich ganz in Ordnung, bisschen run-out",2015-06-01,,,bis auf Steinbock ist diese Wand scheiße
Short Romance,7,o.s.,Orakel,Frankenjura,Germany,,,2015-06-01,,,bis auf Steinbock ist diese Wand scheiße
Too Stupid to Sin,6+,o.s.,Orakel,Frankenjura,Germany,,,2015-06-01,,,bis auf Steinbock ist diese Wand scheiße
Masterblaster,10-/10,,Obere Schlossbergwand,Frankenjura,Germany,,"Hookbeta, cooler Boulder.",2016-09-01,,3,"schaut hässlich aus, geile Kletterei, DER Sommerfels. Hier geht die Post ab"
Out of Berlin,9+/10-,3 Tage,Obere Schlossbergwand,Frankenjura,Germany,,3. Go!!!!,2014,,1,"schaut hässlich aus, geile Kletterei, DER Sommerfels. Hier geht die Post ab"
Hochspannung,9+,,Obere Schlossbergwand,Frankenjura,Germany,hard,hart!,2014,,3,"schaut hässlich aus, geile Kletterei, DER Sommerfels. Hier geht die Post ab"
Liebe ohne Chancen,9,,Obere Schlossbergwand,Frankenjura,Germany,,,2016-09-01,,1,"schaut hässlich aus, geile Kletterei, DER Sommerfels. Hier geht die Post ab"
Dala,8+/9-,o.s.,Obere Schlossbergwand,Frankenjura,Germany,,"Henkelparade, gut zum Aufwärmen",2016-05-01,,,"schaut hässlich aus, geile Kletterei, DER Sommerfels. Hier geht die Post ab"
Erwin´s Projekt,8+,,Obere Schlossbergwand,Frankenjura,Germany,hard,sehr schwer. Eher 9-,2014,,2,"schaut hässlich aus, geile Kletterei, DER Sommerfels. Hier geht die Post ab"
Invading Celts,8-,o.s.,Obere Schlossbergwand,Frankenjura,Germany,,saupressig,2014,,,"schaut hässlich aus, geile Kletterei, DER Sommerfels. Hier geht die Post ab"
Treibhauseffekt,8-,o.s.,Obere Schlossbergwand,Frankenjura,Germany,,,2014,,2,"schaut hässlich aus, geile Kletterei, DER Sommerfels. Hier geht die Post ab"
Dezentraler Energiepfad,8-,o.s.,Obere Schlossbergwand,Frankenjura,Germany,,,2013,,3,"schaut hässlich aus, geile Kletterei, DER Sommerfels. Hier geht die Post ab"
Ulala,8-,F,Obere Schlossbergwand,Frankenjura,Germany,,,2013,,,"schaut hässlich aus, geile Kletterei, DER Sommerfels. Hier geht die Post ab"
Fight Graffiti,7-,o.s.,Obere Schlossbergwand,Frankenjura,Germany,,,2013,,,"schaut hässlich aus, geile Kletterei, DER Sommerfels. Hier geht die Post ab"
Heiße Schwester,8+,o.s.,Steinerne Stadt,Frankenjura,Germany,,ganz okay aber eigentlich n kurzer Müll,5. July 2017,,1,
Odins Schwert,7,F,Steinerne Stadt,Frankenjura,Germany,,erste Tour nach meinem Absturz. Und dann gleich so n Dreckshaufen...,5. July 2017,,0,
Shin Kicker,9-,F,Schlosszwergwand,Frankenjura,Germany,,,2014,,,
Kraftwerk B,8-,F,Schlosszwergwand,Frankenjura,Germany,,,2014,,,
Schweinebär,9,2. Go,Roter Fels,Frankenjura,Germany,,fast onsight! Am letzten schweren Zug rausgekippt. 2. Go,2014,,,"classic, die Routen hier muss man gemacht haben"
Ringe der Idioten + Weltmeister der Herzen,9-,o.s.,Roter Fels,Frankenjura,Germany,,2. SL ist unlohnend und dreckig,2014,,3,"classic, die Routen hier muss man gemacht haben"
Luftikus,8,o.s.,Roter Fels,Frankenjura,Germany,,"2. SL von HM Ged.-Weg. Coole Kreuzzüge, logische Linie",2016-06-01,,,"classic, die Routen hier muss man gemacht haben"
Hannig Mayer Gedenkweg,8-,o.s.,Roter Fels,Frankenjura,Germany,,nicht leicht für 8-,2016-06-01,,,"classic, die Routen hier muss man gemacht haben"
Schaumschläger,7-,,Roter Fels,Frankenjura,Germany,,mit zwei mal fett reinspringen um Keil&Friend zu testen,2014,,3,"classic, die Routen hier muss man gemacht haben"
Frühlingsweg,6+,,Roter Fels,Frankenjura,Germany,,clean bis zur Zusammenführung der beiden Routen,2014,,,"classic, die Routen hier muss man gemacht haben"
Fred Feuerstein,10+,,Kanzelfels,Frankenjura,Germany,,"Beste 10+ in Franken! Züge gehen alle, der schwerste ist der Blocker am 2. Haken. Am ersten Tag schon bis oben gelinkt ohne die ersten 6 Züge",,X,3,"Schattenfels mit Fred Feuerstein, die geniale 10+ Linie!"
Blutspur,9+,2. Go,Kanzelfels,Frankenjura,Germany,hard,"2. Go, im Franzosengrad eher 8a",2015-05-01,,1,"Schattenfels mit Fred Feuerstein, die geniale 10+ Linie!"
Nosferatu,9,,Kanzelfels,Frankenjura,Germany,,"kratziger Einstieg, dann Platte, dann komisches Ende. Unlohnend",2015-05-01,,,"Schattenfels mit Fred Feuerstein, die geniale 10+ Linie!"
Maximator,9-,F,Kanzelfels,Frankenjura,Germany,,ein schwerer Zug unten und technisch an super Gestein oben,2015-05-01,,,"Schattenfels mit Fred Feuerstein, die geniale 10+ Linie!"
Finger in Harmonie,9,2. Go,Kühlochfels,Frankenjura,Germany,,2. Go,2014,,,"kühler, schattiger Nordfels, weit zu fahren&laufen, Killer-Hakenabstände"
Rechtes Trumm,9-/9,,Kühlochfels,Frankenjura,Germany,,,,X,,"kühler, schattiger Nordfels, weit zu fahren&laufen, Killer-Hakenabstände"
Judas Ziege,9-,o.s.,Kühlochfels,Frankenjura,Germany,,,2014,,2,"kühler, schattiger Nordfels, weit zu fahren&laufen, Killer-Hakenabstände"
Sommernachtstraum,9-,,Kühlochfels,Frankenjura,Germany,,,27. August 2017,,,"kühler, schattiger Nordfels, weit zu fahren&laufen, Killer-Hakenabstände"
Ab geht die Post,8+,F,Kühlochfels,Frankenjura,Germany,,,2014,,,"kühler, schattiger Nordfels, weit zu fahren&laufen, Killer-Hakenabstände"
Reif für die Insel,8,o.s.,Kühlochfels,Frankenjura,Germany,,,2014,,3,"kühler, schattiger Nordfels, weit zu fahren&laufen, Killer-Hakenabstände"
Reise nach Indien,8-,o.s.,Kühlochfels,Frankenjura,Germany,,,2014,,3,"kühler, schattiger Nordfels, weit zu fahren&laufen, Killer-Hakenabstände"
Freundschaftsweg,7,o.s.,Napoleon,Frankenjura,Germany,,"fand ich jetzt nicht so gut, wie die 3 Sterne im Führer verheißen",17. May 2017,,1,einer der beeindruckensten Türme des Frankenjura! Schöne leichte Touren mit weiten HA
Südwestwand,6+,o.s.,Napoleon,Frankenjura,Germany,,cool!,17. May 2017,,,einer der beeindruckensten Türme des Frankenjura! Schöne leichte Touren mit weiten HA
Franken Plaisir,5+,o.s.,Neue Heimat,Frankenjura,Germany,,schwer oben,13. May 2017,,,ist okay die Wand... Nichts besonderes
Cafe Caspary,5+,o.s.,Neue Heimat,Frankenjura,Germany,,schwer oben,13. May 2017,,,ist okay die Wand... Nichts besonderes
Flex Control,10-,,Neppwand,Frankenjura,Germany,hard,wahnsinns Platte mit diffiziler technischer Kletterei into krass dynamisches Dach. Richtig geile Tour!,25. May 2017,,3,
Witchcraft,10-,,Neumühle,Frankenjura,Germany,soft,"Soft, 1 Tag mit völlig zerstörter Haut, eine der besten Touren Frankens!!!",2015-09-01,,2,
Amadeus Schwarzenegger,10-,,Richard Wagner Fels,Frankenjura,Germany,,"sehr schwierige Boulderstelle an unangenehmen 1-2 Finger Steller am Wulst. Oben raus leicht. Verletzungspotential; Beta: unten auf dem Band stehen, links in 2 Finger Loch (mittlere beiden Finger). Rechts auf Zange abfassen, mit rechts in offensichtlichen Tritt stehen. Rechts verlängern auf 2 Finger Zange. Trittwechsel und rechten Hook in Verschneidung mit links auf Mono-Zange abfassen. Rechts auf Tritt wechseln und links in guten Tritt steigen. Jetzt schwerster Zug: Verlängern auf 2 Finger Leiste (erst als Zange fangen, dann stellen). Mit rechts tief stehen (dort wo der Hook lag) und rechts in guten Sloper schnappen (weit!). Von dort klippen. Links Mono, kleinen Tritt anstehen und auf Leistengekrümel. Tief stehen und links auf Sloperleiste. Rechts auf 3 Fingersteller, links auf Leiste und rechts Henkel. Oben raus leicht",,X,2,trocknet schnell ab. Abgespeckt aber sehr gute Touren!!!
Magnet,9,,Richard Wagner Fels,Frankenjura,Germany,hard,"hart! Weiter Spanner in die ""Pistole"". Dann etwas leichter und oben luftig weite Züge an schlechten Griffen im pumpigen Gelände",2016-09-01,,2,trocknet schnell ab. Abgespeckt aber sehr gute Touren!!!
Rubberneck,8+,,Richard Wagner Fels,Frankenjura,Germany,hard,"schwer am Wulst, hart zu onsighten",2016-09-01,,,trocknet schnell ab. Abgespeckt aber sehr gute Touren!!!
Fight Gravity,8+,o.s.,Richard Wagner Fels,Frankenjura,Germany,soft,"Super cool :), hat sich eher einfach für den Grad angefühlt",2013,,3,trocknet schnell ab. Abgespeckt aber sehr gute Touren!!!
Direkte Westwand,8,F,Richard Wagner Fels,Frankenjura,Germany,,Bei 5° und Killerwind... oben scary,2016-10-01,,,trocknet schnell ab. Abgespeckt aber sehr gute Touren!!!
Apokalypse,8-,o.s.,Richard Wagner Fels,Frankenjura,Germany,,"Sloperstelle nach dem zweiten Haken, sehr weite Hakenabstände",2016-09-01,,,trocknet schnell ab. Abgespeckt aber sehr gute Touren!!!
Lohengrin,8-,o.s.,Richard Wagner Fels,Frankenjura,Germany,hard,schwer,2013,,,trocknet schnell ab. Abgespeckt aber sehr gute Touren!!!
Westverschneidung,6+,o.s.,Richard Wagner Fels,Frankenjura,Germany,hard,"Gute Genußtour, allerdings weite HA, würde ich keinem 7er Kletterer empfehlen",2018-02-24,,,
SMS,10-,2. Go,Jungfernriss,Frankenjura,Germany,,Ohne zu übertreiben eine der besten Routen in dem Grad in Franken,2019-06-12,,3,
(?),8+,F,Jungfernriss,Frankenjura,Germany,,,2019-06-12,,,
Schwarze Magie,8+,F,Schwarze Wand,Frankenjura,Germany,,"weite Hakenabstände, cool und scary",2. April 2017,,2,
Sisyphos,8-,F,Schwarze Wand,Frankenjura,Germany,,8 mal an einem Tag auf Speed geklettert,2. April 2017,,,
Peitsche,7+,F,Schwarze Wand,Frankenjura,Germany,,"Riss! Handklemmer, cool",2. April 2017,,1,
Sunblocker,10-/10,,Solarium,Frankenjura,Germany,,"richtig deluxe Wandkletterei, am 5. Go des Tages nach 3x Abfallen am Schlusszug (4 Finger auf der Leiste sind besser als nur zwei... :-D ) gerade so pben kleben geblieben. Sauuuugeil!",8. April 2017,,3,
Firefighter,9,,Solarium,Frankenjura,Germany,,quasi Flash,1. April 2017,,1,
Schildkröte,8,o.s.,Streitberger Schild,Frankenjura,Germany,,"Güllich, Platten 8er! Super stolzer Onsight",2014,,2,nahe an Erlangen und mit dem ersten Roten Punkt von Kurt himself
Arnoldplatte light,7+,o.s.,Streitberger Schild,Frankenjura,Germany,,,2014,,,nahe an Erlangen und mit dem ersten Roten Punkt von Kurt himself
Unnamed,9-,F,Grundfels,Frankenjura,Germany,,"Sau cool, dass ich´s geflasht habe aber das ist nicht 9+/10-. Eher 9+. Trotzdem fit! Gebohrte Löcher und Kurbelzüge",7. May 2017,,,
Via Carmen,8,o.s.,Grundfels,Frankenjura,Germany,,echt hart oben!,7. May 2017,,,
Alte Route,7,F,Grundfels,Frankenjura,Germany,,nicht so gut. Hat keinen Stern verdient,7. May 2017,,,
Tower of Power,8+/9-,,Glatte Wand,Frankenjura,Germany,,,2014,,2,
Rampensau,10-,2. Go,Soranger Wand,Frankenjura,Germany,,"1. Versuch nach dem Ausbouldern. Coole Variation, die die Zwei Muskeltiere schon ein ganzen Tacken schwerer macht!",15. August 2017,,,"Wand im Halbschatten durch Bäume. Scharfer Fels, die 3 Routen in der rechten Grotte sind deluxe"
Doppelpack,10-,,Soranger Wand,Frankenjura,Germany,hard,"Boulderstelle unten an Leisten, oben pumpig. Einfingersplitloch für rechte Hand, 3 Tage",2015,,2,"Wand im Halbschatten durch Bäume. Scharfer Fels, die 3 Routen in der rechten Grotte sind deluxe"
Leichte Beute,9+/10-,,Soranger Wand,Frankenjura,Germany,,"cooler Sprung, unklar, ob Klaus mir beim abhalten des Schwungs zu wenig Seil gegeben hat. Er sagt es war Schlappseil drin. Bisschen ärgerlich, aber coole Tour auf jeden Fall!",5 April 2017,,1,"Wand im Halbschatten durch Bäume. Scharfer Fels, die 3 Routen in der rechten Grotte sind deluxe"
Die Zwei Muskeltiere,9+,F,Soranger Wand,Frankenjura,Germany,,"Fette Tour! Cool sie zu flashen! Bin fit! Mit Assi, Waldeck und Jakob",15. August 2017,,2,"Wand im Halbschatten durch Bäume. Scharfer Fels, die 3 Routen in der rechten Grotte sind deluxe"
Massaker,9,,Soranger Wand,Frankenjura,Germany,,Kurze Maxkraftroute. Oft nass,2014,,1,"Wand im Halbschatten durch Bäume. Scharfer Fels, die 3 Routen in der rechten Grotte sind deluxe"
Checkpoint Charlie (Pickelsau),9-,F,Soranger Wand,Frankenjura,Germany,,,2014,,,"Wand im Halbschatten durch Bäume. Scharfer Fels, die 3 Routen in der rechten Grotte sind deluxe"
Hungry Eyes,8+,2. Go,Soranger Wand,Frankenjura,Germany,hard,"2. Go, schwer",2014,,,"Wand im Halbschatten durch Bäume. Scharfer Fels, die 3 Routen in der rechten Grotte sind deluxe"
Miss Piggy,8+,o.s.,Soranger Wand,Frankenjura,Germany,,cooler als Vanceman,15. August 2017,,,"Wand im Halbschatten durch Bäume. Scharfer Fels, die 3 Routen in der rechten Grotte sind deluxe"
Vanceman,8,o.s.,Soranger Wand,Frankenjura,Germany,hard,Schmerzhaft & schwer,15. August 2017,,,"Wand im Halbschatten durch Bäume. Scharfer Fels, die 3 Routen in der rechten Grotte sind deluxe"
Schweine im Weltall,8,o.s.,Soranger Wand,Frankenjura,Germany,,verrückte Hooks,2014,,,"Wand im Halbschatten durch Bäume. Scharfer Fels, die 3 Routen in der rechten Grotte sind deluxe"
Any Chance,8-,o.s.,Soranger Wand,Frankenjura,Germany,,schöner als Second Chance,2014,,,"Wand im Halbschatten durch Bäume. Scharfer Fels, die 3 Routen in der rechten Grotte sind deluxe"
Second Chance,8-,F,Soranger Wand,Frankenjura,Germany,,,2014,,,"Wand im Halbschatten durch Bäume. Scharfer Fels, die 3 Routen in der rechten Grotte sind deluxe"
A-Hörnchen,8-,o.s.,Soranger Wand,Frankenjura,Germany,,kurz aber nett,2014,,,"Wand im Halbschatten durch Bäume. Scharfer Fels, die 3 Routen in der rechten Grotte sind deluxe"
Die alte Sau,8-,o.s.,Soranger Wand,Frankenjura,Germany,,kräftig,2014,,,"Wand im Halbschatten durch Bäume. Scharfer Fels, die 3 Routen in der rechten Grotte sind deluxe"
Zeitspiel,7-,,Soranger Wand,Frankenjura,Germany,trad,"Trad, richtig scary",15. August 2017,,,"Wand im Halbschatten durch Bäume. Scharfer Fels, die 3 Routen in der rechten Grotte sind deluxe"
Aus die Maus,6+,o.s.,Soranger Wand,Frankenjura,Germany,,,2014,,,"Wand im Halbschatten durch Bäume. Scharfer Fels, die 3 Routen in der rechten Grotte sind deluxe"
Krampfhammer,9,2. Go,Weißenstein,Frankenjura,Germany,soft,"2. Go, soft",2014,,1,"immer voll, am besten an einem knackigen Wintertag hinfahren und alles abholen"
Strohdach,8+/9-,o.s.,Weißenstein,Frankenjura,Germany,,,2014,,,"immer voll, am besten an einem knackigen Wintertag hinfahren und alles abholen"
Entsafter,8+,o.s.,Weißenstein,Frankenjura,Germany,,,2014,,2,"immer voll, am besten an einem knackigen Wintertag hinfahren und alles abholen"
Dampfhammer,8,o.s.,Weißenstein,Frankenjura,Germany,,,2014,,2,"immer voll, am besten an einem knackigen Wintertag hinfahren und alles abholen"
Quergang,8-,,Weißenstein,Frankenjura,Germany,,,15. March 2017,,,"immer voll, am besten an einem knackigen Wintertag hinfahren und alles abholen"
Wilde 13,8-,o.s.,Weißenstein,Frankenjura,Germany,,,2014,,,"immer voll, am besten an einem knackigen Wintertag hinfahren und alles abholen"
The Dance Alone,9+/10-,2. Go,Weidlwanger Wand,Frankenjura,Germany,,"2. Versuch, hirnrissig abgesicht aber sehr schön. Soft",2015-04-01,,3,"sehr schöne, im Führer recht unscheinbare Wand. Lohnt sich!"
Shatreng,9+,2. Go,Weidlwanger Wand,Frankenjura,Germany,,Genialer Plattenboulder!,2019-03-24,,3,"sehr schöne, im Führer recht unscheinbare Wand. Lohnt sich!"
Weg des geringsten Widerstands,9,,Weidlwanger Wand,Frankenjura,Germany,,richtig lässiger Link-up. Klettert sich mega gut,2019-03-24,,2,"sehr schöne, im Führer recht unscheinbare Wand. Lohnt sich!"
Zaphod,9-/9,,Weidlwanger Wand,Frankenjura,Germany,,wunderschön! Eine der besten 9er in Franken,2015-04-01,,3,"sehr schöne, im Führer recht unscheinbare Wand. Lohnt sich!"
Alter Mann was nun?,8+,,Weidlwanger Wand,Frankenjura,Germany,,unten splittrig aber trotzdem schön,2015-04-01,,,"sehr schöne, im Führer recht unscheinbare Wand. Lohnt sich!"
Ton in Ton,8+,F,Weidlwanger Wand,Frankenjura,Germany,,total geil! 3 Sterne!,2019-03-24,,3,"sehr schöne, im Führer recht unscheinbare Wand. Lohnt sich!"
Sky Marshal,10-,2. Go,Ankatalwand und -turm,Frankenjura,Germany,,"2. Go, saugut!",6. May 2017,,3,Plattenkletterei vom feinsten
Flugkontrolle,9+/10-,4. Go,Ankatalwand und -turm,Frankenjura,Germany,,"4. Go. Erste 8a, Platte, steht auch als 7c+ manchmal drin",2014,,2,Plattenkletterei vom feinsten
Omaha Beach,9+,,Ankatalwand und -turm,Frankenjura,Germany,,mit Sky Marshal zusammen.,6. May 2017,,1,Plattenkletterei vom feinsten
Cafe Kraft,9,2. Go,Ankatalwand und -turm,Frankenjura,Germany,,2. Go,2014,,,Plattenkletterei vom feinsten
New Dimensions,8+/9-,F,Ankatalwand und -turm,Frankenjura,Germany,,,2014,,,Plattenkletterei vom feinsten
Computerspiele,8,o.s.,Ankatalwand und -turm,Frankenjura,Germany,,,2014,,3,Plattenkletterei vom feinsten
Frankengold,7+,o.s.,Ankatalwand und -turm,Frankenjura,Germany,,,2014,,,Plattenkletterei vom feinsten
Halloween,10,,Schwalbenloch,Frankenjura,Germany,,harter 10er aber weltgeile Züge. Sehr steil (mind. 50 Grad) und oben Reichweite mit saugeilem Mono,,X,3,obwohl gesperrt ein super Sommefels
Osho,10-,4. Go,Schwalbenloch,Frankenjura,Germany,,"4. Go, eine Session bei 30 Grad im Schatten. Wahnsinn!!!!!",2015-07-01,,2,obwohl gesperrt ein super Sommefels
Simon,10-,,Student,Frankenjura,Germany,,"eine der besten Ausdauerrouten mit genialen Bewegungen, nach 3 Jahren des nicht-wieder-an-den-Felsen-kommens am ersten Tag im 4. Go geklettert. Fit! Ganz oben noch 2 mal gefallen",27 February 2017,,3,"Winterfels, nur bei unter 10 Grad kletterbar"
Ehmann Ged. Weg,9,,Student,Frankenjura,Germany,,,,X,,"Winterfels, nur bei unter 10 Grad kletterbar"
Leichte Acht,8,o.s.,Student,Frankenjura,Germany,,gut zum Aufwärmen,27 February 2017,,,"Winterfels, nur bei unter 10 Grad kletterbar"
Nasenbohrer,9+,F,Applauskurve,Frankenjura,Germany,,,01-06-2019,,,
Neigsabbt,6-,o.s.,Breitenberg Südwand,Frankenjura,Germany,,,2019-03-30,,,Perfekte Wand um Leuten das Klettern beizubringen
Barbarelli Weg,4+,F,Breitenberg Südwand,Frankenjura,Germany,,,2019-03-30,,,Perfekte Wand um Leuten das Klettern beizubringen
Krebs,4,o.s.,Breitenberg Südwand,Frankenjura,Germany,,,2019-03-30,,,Perfekte Wand um Leuten das Klettern beizubringen
Stier,3+,F,Breitenberg Südwand,Frankenjura,Germany,,,2019-03-30,,,Perfekte Wand um Leuten das Klettern beizubringen
Das Spiel ist aus,9/9+,2. Go,Breitenstein,Frankenjura,Germany,,2. Go,2014,,,gibt nur ein paar Routen die es wert sind. Der weite Weg von Erlangen lohnt sich dafür nicht
Gänsehaut,9-,2. Go,Breitenstein,Frankenjura,Germany,,2. Go,2014,,,gibt nur ein paar Routen die es wert sind. Der weite Weg von Erlangen lohnt sich dafür nicht
Lifting,6,o.s.,Breitenstein,Frankenjura,Germany,,,2014,,,gibt nur ein paar Routen die es wert sind. Der weite Weg von Erlangen lohnt sich dafür nicht
La belle au bois dormant,10-,F,Dornröschenwand,Frankenjura,Germany,,"quasi geflasht, habe davor Märchenprinz zum aufwärmen geonsightet und die beiden Touren teilen sich die ersten 4 Haken (~8+). Saugeil!! Eher leicht für 10-",12. April 2017,,2,mega gutes Gestein!
Der kleine Prinz,10-,,Dornröschenwand,Frankenjura,Germany,,"viel schwerer als La Belle! Unten harte Platte mit schwerem Aufsteher und oben Bugkletterei an kleinem Drescher, hautig, nicht so toll",,X,,mega gutes Gestein!
Wachgeküsst Rechtsausstieg,9+,,Dornröschenwand,Frankenjura,Germany,,unten ein Bouldern und oben an abartig geilem Gestein mit weiten HA durch die Platte,12. April 2017,,3,mega gutes Gestein!
Märchenprinz,9-,o.s.,Dornröschenwand,Frankenjura,Germany,,nicht so leicht!! Aber dafür extrem geil. Schwerer Verschneidungsboulder unten. Nicht die beste Aufwärmtour :-D,12. April 2017,,,mega gutes Gestein!
Anschlag,7+,o.s.,Dornröschenwand,Frankenjura,Germany,,ok,28. May 2017,,1,mega gutes Gestein!
Für Heini,6+,F,Dornröschenwand,Frankenjura,Germany,,super Tour!,28. May 2017,,2,mega gutes Gestein!
Power Of Love,9-,o.s.,Dachlwand,Frankenjura,Germany,,,2014,,,"sonnig, speckig, klassik"
Borderline,9-,,Rumpelkammer,Frankenjura,Germany,hard,schwer!,2014,,,
Victoria,9+/10-,2. Go,Rammstein,Frankenjura,Germany,,"zweiter Go, sehr coole Wandkletterei mit guten Hakenabständen. Oben muss man auch mal wegklettern",2016-07-01,,3,
Molotow,10-/10,,Bleisteine,Frankenjura,Germany,,"eigentlich schon am ersten Tag geklettert nur ohne die erste 7+ SL, bei Regen sehr nass oben, dann beim nächsten Tag weggezappt, 5.Go",2015-06-01,,2,schöne Nordwände im Wald mit Klassikern
Not for Stamp Collectors,9-,o.s.,Bleisteine,Frankenjura,Germany,hard,"schwer für 9-, Griffausbruch am Wulst, jetzt muss man ziemlich kleine Leiste halten",2015-05-01,,,schöne Nordwände im Wald mit Klassikern
Die Entdeckung der Langsamkeit,8+/9-,o.s.,Bleisteine,Frankenjura,Germany,,,2014,,2,schöne Nordwände im Wald mit Klassikern
Erazerhead,8+/9-,F,Bleisteine,Frankenjura,Germany,F,Sehr toll. Bleibt bei Regen tatsächlich länger trocken,2015-05-01,,2,schöne Nordwände im Wald mit Klassikern
Fliegender Engländer,8,o.s.,Bleisteine,Frankenjura,Germany,,unlohnend,2015-04-01,,,schöne Nordwände im Wald mit Klassikern
Ist doch logisch,8,o.s.,Bleisteine,Frankenjura,Germany,,,2014,,,schöne Nordwände im Wald mit Klassikern
Offenbarung,8-,o.s.,Bleisteine,Frankenjura,Germany,hard,sackhart,2014,,2,schöne Nordwände im Wald mit Klassikern
Post Mortem,9+,2. Go,Bladerunnerwand,Frankenjura,Germany,,eigentlich ganz cool!,2019-03-23,,,"Nicht so mega lohnend... Ganz okay fürs Frühjahr, etwas splittrig"
Al & Peg,9,o.s.,Bladerunnerwand,Frankenjura,Germany,,"ich wusste, dass der eine Griff gut ist, würde es trotzdem als onsight sehen aber debattierbar",2019-03-23,,,"Nicht so mega lohnend... Ganz okay fürs Frühjahr, etwas splittrig"
Andy,7,o.s.,Bladerunnerwand,Frankenjura,Germany,,,2019-03-23,,,"Nicht so mega lohnend... Ganz okay fürs Frühjahr, etwas splittrig"
Uranus,9+,,Universum,Frankenjura,Germany,,sehr cool. Oben mit Heel-Toe-Cam!,2015-04-01,,2,beeindruckende Wand mit Roof Warrior als Deluxe Route. Im Frühjahr sehr dreckig
Saturn,8,o.s.,Universum,Frankenjura,Germany,,hässlich und dreckig,2015-04-01,,,beeindruckende Wand mit Roof Warrior als Deluxe Route. Im Frühjahr sehr dreckig
Trainspotting,10-/10,,Veldener Wand,Frankenjura,Germany,,Boulder,,X,3,ideal mit dem Zug zu erreichen
Ikarus,9-,3. Go,Veldener Wand,Frankenjura,Germany,,3 Versuche :-O,18.04.18,,,ideal mit dem Zug zu erreichen
Ostriss,7,o.s.,Veldener Wand,Frankenjura,Germany,,"grünlich, erste Tour nachm Yosemite",18.04.18,,,ideal mit dem Zug zu erreichen
Nosegrind,10,,Wüstenstein,Frankenjura,Germany,,"sehr schwere Boulderstelle über das Dach, unten leicht. Vllt nach dem Winter",,X,3,sandig aber toll. Oft voll!
Zuckerschmelze,9+,,Wüstenstein,Frankenjura,Germany,,Drei 9+ Routen an einem Tag!!! Zuckerschmelte ist richtig kleingriffig mit vielen Monos die man prügeln muss und sehr weitem Hakenabstand,2015-09-01,,2,sandig aber toll. Oft voll!
Takla Makan,9+,,Wüstenstein,Frankenjura,Germany,,"kurze Boulderroute, meist dreckig",2015-09-01,,1,sandig aber toll. Oft voll!
Anagrom Ataf,9/9+,,Wüstenstein,Frankenjura,Germany,hard,"könnte man auch für 9+ klettern, richtig tolle Züge",2015-09-01,,2,sandig aber toll. Oft voll!
Schwarze Wand,9,F,Wüstenstein,Frankenjura,Germany,,,2014,,,sandig aber toll. Oft voll!
Oase,9-/9,o.s.,Wüstenstein,Frankenjura,Germany,,,2015-09-01,,,sandig aber toll. Oft voll!
Fata Morgana,9-,F,Wüstenstein,Frankenjura,Germany,,,2014,,,sandig aber toll. Oft voll!
Süße Wüste,8+,o.s.,Wüstenstein,Frankenjura,Germany,,"kleingriffig, keine gute Aufwärmtour",2015-09-01,,,sandig aber toll. Oft voll!
Metamorphose,8+/9-,2. Go,Würgauer Gebiet,Frankenjura,Germany,,MEGA das Brett und voll geil,2019-05-12,,3,
The Flow,9+/10-,3. Go,Vogelherdgrotte,Frankenjura,Germany,,"Coole Power Kletterei, am Schluss buzzern! Mit Manu!",2019-03-23,,2,
Steinäffchen,7,o.s.,Vogelherdgrotte,Frankenjura,Germany,,staubig aber erstaunlich gut,2019-03-23,,1,
Krallenweg,6+,F,Rudolfstein,Fichtelgebirge,Germany,hard,,2019-03-02,,2,
Schräger Otto,6,F,Rudolfstein,Fichtelgebirge,Germany,hard,,2019-03-02,,3,
Südkante,6+,o.s.,Drei Brüder,Fichtelgebirge,Germany,,scary wenn nass,2019-03-02,,3,
Piazriss,5-,,Drei Brüder,Fichtelgebirge,Germany,,,2019-03-02,,3,
The Doors,8a+,,Upper Sector,Cadarese,Italy,trad,Aweseome line!,,X,,
Sdulferando,7a+,2. Go,Upper Sector,Cadarese,Italy,"hard, trad",Was für ein abartiger Kampf! Im Onsight ganz oben völlig gepumpt gefallen. Ausdauernd und scray,2019-06-03,,3,
Imbuto Crack,7a,o.s.,Upper Sector,Cadarese,Italy,"hard, trad",,2019-06-02,,3,
Foglie Cadenti,6a+,F,Upper Sector,Cadarese,Italy,trad,Did some pretty far run-outs on this one. So fun!,2019-06-02,,3,
Perturbata,6c+,o.s.,Upper Sector,Cadarese,Italy,trad,,2019-06-02,,,
Beslan Memorial,7c+,F,Central Sector,Cadarese,Italy,,,2019-06-01,,2,
C'era una volta,7b+,o.s.,Central Sector,Cadarese,Italy,,"Mega stolz auf diesen on-sight, brutaler Kampf.",2019-06-01,,3,
Nuova Scomessa,6b+,F,Central Sector,Cadarese,Italy,,,2019-06-01,,,
Classica,6b,o.s.,Central Sector,Cadarese,Italy,,,2019-06-01,,,
