Boulderliste,,,,,,,,,,,
name,grade,style,crag,area,country,shortnote,notes,date,project,stars,cragnote
Babar,7A,,Kjugekull,Kjugekull,Sweden,,genialer Sloperpatschboulder,2013,,,
Fina Areten,7A,,Kjugekull,Kjugekull,Sweden,,2. Go,2013,,,
Ken Titan,7A,,Kjugekull,Kjugekull,Sweden,,2. Go,2013,,,
Rocketeer,7A,,Kjugekull,Kjugekull,Sweden,,,2013,,,
Dumbo,6C+,,Kjugekull,Kjugekull,Sweden,,,2013,,,
Köttbomben,6C,,Kjugekull,Kjugekull,Sweden,,,2013,,,
Häng fast,6C,,Kjugekull,Kjugekull,Sweden,,,2013,,,
Inga Armer Inga Kakor,6B+,,Kjugekull,Kjugekull,Sweden,,,2013,,,
Shakra,6B,,Kjugekull,Kjugekull,Sweden,,,2013,,,
Mallinjen,6B,F,Kjugekull,Kjugekull,Sweden,,,2013,,,
Mocca,6A+,,Kjugekull,Kjugekull,Sweden,,,2013,,,
Bulldozer,6A+,F,Kjugekull,Kjugekull,Sweden,,,2013,,,
"Nä, men jeppe",6A+,F,Kjugekull,Kjugekull,Sweden,,,2013,,,
Perssons Dyno,6A+,,Kjugekull,Kjugekull,Sweden,,,2013,,,
Rocka Hula,6A+,F,Kjugekull,Kjugekull,Sweden,,,2013,,,
Mödomsrovet,6A+,F,Kjugekull,Kjugekull,Sweden,,,2013,,,
Nyfiken i en strut,6A,F,Kjugekull,Kjugekull,Sweden,,,2013,,,
Mandomsprovet,6A,F,Kjugekull,Kjugekull,Sweden,,,2013,,,
Sick dynamique,6A,F,Kjugekull,Kjugekull,Sweden,,,2013,,,
Länga Lippmofuet,6A,F,Kjugekull,Kjugekull,Sweden,,,2013,,,
En dyna,6A,,Kjugekull,Kjugekull,Sweden,,,2013,,,
Rock Jon,6A,,Kjugekull,Kjugekull,Sweden,,,2013,,,
Kebab,5+,F,Kjugekull,Kjugekull,Sweden,,,2013,,,
Dick,5+,,Kjugekull,Kjugekull,Sweden,,,2013,,,
Tva goa jugger,5,F,Kjugekull,Kjugekull,Sweden,,,2013,,,
Trick Statique,5,F,Kjugekull,Kjugekull,Sweden,,,2013,,,
Resignen,5,,Kjugekull,Kjugekull,Sweden,,,2013,,,
Shieldor,5,F,Kjugekull,Kjugekull,Sweden,,,2013,,,
Whatever,5-,F,Kjugekull,Kjugekull,Sweden,,,2013,,,
Sprickan,L,F,Kjugekull,Kjugekull,Sweden,,,2013,,,
NASA,L,F,Kjugekull,Kjugekull,Sweden,,,2013,,,
GT sprickan,L,F,Kjugekull,Kjugekull,Sweden,,,2013,,,
Heat,7B,,Fruberget,Västervik,Sweden,,2. Go,2013,,,
Studio One,7A,,Fruberget,Västervik,Sweden,,2. Go,2013,,,
Stefans Hopp,7A,,Fruberget,Västervik,Sweden,,,2013,,,
Bosmas Aret,7A,F,Fruberget,Västervik,Sweden,,,2013,,,
Croman,6C+,,Fruberget,Västervik,Sweden,,,2013,,,
SR,6C,F,Fruberget,Västervik,Sweden,,,2013,,,
Lorus,6B+,F,Fruberget,Västervik,Sweden,,,2013,,,
AP1,6A,F,Fruberget,Västervik,Sweden,,,2013,,,
Nomad,7B,,VO – Röda Väggen,Västervik,Sweden,,geil!,2013,,,
Full Contact,7A,,VO – Röda Väggen,Västervik,Sweden,,,2013,,,
Red Slab,6C,,VO – Röda Väggen,Västervik,Sweden,,,2013,,,
My Way,6C,,VO – Röda Väggen,Västervik,Sweden,,,2013,,,
High Way,6B+,F,VO – Röda Väggen,Västervik,Sweden,,,2013,,,
The Office Standstart,7B+,,Björnblocket,Västervik,Sweden,,Jeah! Erste 7B+,2013,,,
Hal in Two,6C+,,Björnblocket,Västervik,Sweden,,,2013,,,
Hole in One,6C+,,Björnblocket,Västervik,Sweden,,,2013,,,
Source Variant,7B,,Marsstrand,Västervik,Sweden,,,2013,,,
Source,7A+,,Marsstrand,Västervik,Sweden,,,2013,,,
Soltecken,6C+,,Marsstrand,Västervik,Sweden,,,2013,,,
Batman,7B+,,See,Murgtal,Switzerland,,,2015-08-01,,,
Unscheinbarer Pfeiler,7A+,,See,Murgtal,Switzerland,,,2015-08-01,,,
Murgkante,6B+,,See,Murgtal,Switzerland,,,2015-08-01,,,
Broken Bottles,7C,F,Steinbrecher,Murgtal,Switzerland,,sehr soft oder sehr mein style,2018-04-29,,,
Eyes wide shut,7B,,Steinbrecher,Murgtal,Switzerland,,Brett,2018-04-29,,,
Heidiland,7B,,Steinbrecher,Murgtal,Switzerland,,mega soft,2018-04-29,,,
New Kids on da block,7A+,,Steinbrecher,Murgtal,Switzerland,,,2018-04-29,,,
Cornershop,6B,,Steinbrecher,Murgtal,Switzerland,,hart!,2018-04-29,,,
Untermensch!,7B+,,Focksta,Uppsala,Sweden,,Jeah!,2013,,,
Untermensch für kleiner Mensch,7A+,,Focksta,Uppsala,Sweden,,,2013,,,
Dumbo,6C,,Focksta,Uppsala,Sweden,,,2013,,,
Moskräck,5+,F,Focksta,Uppsala,Sweden,,,2013,,,
Niviuk,7C,,Silvretta,Silvretta,Austria,,,,X,,
Odin,7B,F,Silvretta,Silvretta,Austria,,im strömenden Regen,2015-07-01,,,
Thor,7A+,F,Silvretta,Silvretta,Austria,,im strömenden Regen,2015-07-01,,,
Baby Nase,5,,Silvretta,Silvretta,Austria,,Highball,2015-07-01,,,
Rythmo,7C+,,Magic Wood,Magic Wood,Switzerland,,Schneebrett und Rythmo an einem Tag :) Nach dem Regen gesendet,2015-09-01,,,
Fight Club,7C,,Magic Wood,Magic Wood,Switzerland,,Fight club und Supernova an einem Tag,2015-09-01,,,
Supernova,7C,,Magic Wood,Magic Wood,Switzerland,,,2015-09-01,,,
Schneebrett,7C,,Magic Wood,Magic Wood,Switzerland,,,2015-09-01,,,
Höhenrausch,7B+,,Magic Wood,Magic Wood,Switzerland,,,2015-09-01,,,
Red Roses,7B,,Magic Wood,Magic Wood,Switzerland,,"sehr schwer fande ich, für mich wegen Campusmoves nicht nur 7A+",2015-09-01,,,
Grit de Luxe,7B,,Magic Wood,Magic Wood,Switzerland,,,2015-09-01,,,
Dino´s don´t dyno,7B,,Magic Wood,Magic Wood,Switzerland,,,2015-09-01,,,
Fliegen Erlaubt,7B,,Magic Wood,Magic Wood,Switzerland,,,2012,,,
Traversatta,7A+,,Magic Wood,Magic Wood,Switzerland,,,,X,,
Enterprice,7A,,Magic Wood,Magic Wood,Switzerland,,,2012,,,
Super Bosna,7A,,Magic Wood,Magic Wood,Switzerland,,,2011,,,
Dropzone,7A,,Magic Wood,Magic Wood,Switzerland,,,2015-09-01,,,
Bosna Genial,7A,,Magic Wood,Magic Wood,Switzerland,,,2011,,,
Heb da Arsch,7A,,Magic Wood,Magic Wood,Switzerland,,,2012,,,
Scrubs,6C+,,Magic Wood,Magic Wood,Switzerland,,,,,,
Jump,6C,,Magic Wood,Magic Wood,Switzerland,,,,,,
Blue Valley,6C,,Magic Wood,Magic Wood,Switzerland,,,,,,
Gotcha,6C,,Magic Wood,Magic Wood,Switzerland,,,,,,
U-Boot,6C,F,Magic Wood,Magic Wood,Switzerland,,,,,,
93,6C,,Magic Wood,Magic Wood,Switzerland,,,,,,
Gorilla,6C,,Magic Wood,Magic Wood,Switzerland,,,2013,,,
Madame Etoile,6B+,F,Magic Wood,Magic Wood,Switzerland,,,,,,
Super Bosna,6B+,,Magic Wood,Magic Wood,Switzerland,,,,,,
Shantram,6B,,Magic Wood,Magic Wood,Switzerland,,,,,,
Traumfänger,6B,F,Magic Wood,Magic Wood,Switzerland,,,2011,,,
Sap Mantle,6B,,Magic Wood,Magic Wood,Switzerland,,,,,,
209b,6B,F,Magic Wood,Magic Wood,Switzerland,,,,,,
90c,6B,F,Magic Wood,Magic Wood,Switzerland,,,,,,
235B,6B,,Magic Wood,Magic Wood,Switzerland,,,,,,
Kanonärohr,6B,F,Magic Wood,Magic Wood,Switzerland,,,,,,
Easy Traverse,6A/6B,,Magic Wood,Magic Wood,Switzerland,,,2011,,,
227,6A,,Magic Wood,Magic Wood,Switzerland,,,,,,
Kante,6A,,Magic Wood,Magic Wood,Switzerland,,,,,,
91b,6A,,Magic Wood,Magic Wood,Switzerland,,sauschwer,,,,
Klein aber Fein,5,F,Magic Wood,Magic Wood,Switzerland,,,,,,
Chan Chan,5,F,Magic Wood,Magic Wood,Switzerland,,,2011,,,
Jack,5,F,Magic Wood,Magic Wood,Switzerland,,,2011,,,
Moos Gully,4,,Magic Wood,Magic Wood,Switzerland,,,,,,
Talkshow,7A,,Grüne Hölle,Frankenjura,Germany,,,2013,,,
Zerberus,8B,,Mariengrotte,Frankenjura,Germany,,mal probiert. Sackhart aber DIE Linie!!,,X,,"von Marientaler Wänden weiterfahren, sehr offentsichtlich"
Unterdrückung,7C,,Mariengrotte,Frankenjura,Germany,,,,X,,
Traverse,7A,F,Mariengrotte,Frankenjura,Germany,,Aufwärmen,2014,,,
Skyscraper,7B,,Neudorf,Frankenjura,Germany,,"schwerer als Hale Bopp, schweres Ende!",,X,,"Bouldergebiet steht im Führer (Neudorf), nicht so übertoll"
Hale Bopp,7B,,Neudorf,Frankenjura,Germany,,toller Boulder mit weiten Zügen im steilen Gelände. Schwer für 7B,2014-04-01,,,
Hui Buh --> Berühren Verboten,7C+,,Bärnfels,Frankenjura,Germany,,"erster Versuch nach dem auschecken. Erster 7C+ Boulder, eher soft",2015-06-01,,,
Berühren Verboten,7C+,,Bärnfels,Frankenjura,Germany,,Schwerer als die HB-->BV Combo mit schweren Löcherdeadpoints! Cooler Boulder,2015-10-01,,,
Schnulli,7C,,Bärnfels,Frankenjura,Germany,,"zusammen mit Berühren Verboten und Hui Buh Links in einer Session, strooooong!!",2015-10-01,,,
Hui Buh,7B,,Bärnfels,Frankenjura,Germany,,Top Boulder. Einer der besten 7B´s in Franken,2015-06-01,,,
Hui Buh Links,7A+/7B,,Bärnfels,Frankenjura,Germany,,schwer! Ungefähr gleich schwer wie Hui Buh,2015-10-01,,,
???,7C+/8A,,Hall of Fame,Frankenjura,Germany,,"start an Griffen von TWIOF und dann links raus. Ziemlich cooler Boulder eigentlich mit Füßen voran und volles Dachklettern, Ich wüsste gerne mal den Namen!",2017-10-21,,,"GPS: 50°00'20.0'' N, 11°16'14.7'' E"
Catwalk,7C,,Hall of Fame,Frankenjura,Germany,,"echt bretthart, volldach aber richtig gut!",2017-10-21,,,
Das Tor zur Hölle,8A+,,Maximiliansgrotte,Frankenjura,Germany,,geht!!! Saufett. Wäre der Knaller wenn ich mir das Teil holen könnte,,X,,
Mann beißt Hund,7C+/8A,,Maximiliansgrotte,Frankenjura,Germany,,"perfekte Sloperzangenzüge am Anfang, orginalvariante aber mit Absperrhook, nach der Theo Vertiefung Prüfung, YEAH!",2018-02-21,,,
Hell Raiser,7C,,Maximiliansgrotte,Frankenjura,Germany,,"machmal auch 7C+, je nach Beta, rechts sehr hoher Hook. Geht geil!",2015-10-01,,,
Vita Perle,7C,,Maximiliansgrotte,Frankenjura,Germany,,eher 7B+ aber cooler Boulder,2018-02-21,,,
Geschichten aus der Gruft,7C trav,,Maximiliansgrotte,Frankenjura,Germany,,sehr geil! Mit Hell Raiser gleich an einem Tag weggeknipst,2015-10-01,,,
Angel Ripper,8A,,Angel Ripper,Frankenjura,Germany,soft,"Mega gut. Mit Manu. Sitzstart an gutem Griff. Völlig nasses Topout aber ging zum Glück trotzdem mit den Hebelhooks :-) Sehr cool, Training scheint was gebracht zu haben. Danach sogar nochmal gemacht (bis auf letzten Zug). Fitter Tag. ",2022-11-23,,3,
Mike Bullshit,7B+,,Angel Ripper,Frankenjura,Germany,,Echt gut!,2022-11-20,,3,
Mike Bullshit Direkt,7A,,Angel Ripper,Frankenjura,Germany,soft,,2022-11-23,,,
Body and Soul,7C+,,Time Tunnel,Frankenjura,Germany,,"schwer aber geile brettharte Knüppelzüge, erster Zug sehr hart",,X,,
Time Tunnel Traverse,7C trav,,Time Tunnel,Frankenjura,Germany,,"cool, schwerer Start an Slopern, dann gute Griffe und ausdauernd",2015-10-01,,,
Rothaut,8A+ trav.,,Rothaut-Traverse,Frankenjura,Germany,,"Wand am Schluss nicht mitstehen, muss man sich echt zusammenfalten können, leichter Start, bretthartes Ende an Monos und Zweifingerlöchern",,X,,
?,7C,,Vergessene Welt,Frankenjura,Germany,,"mitten durch den steilsten Teil, soft",2014,,,
?,7A+ trav,,Vergessene Welt,Frankenjura,Germany,,im linken Teil von links nach rechts,2014,,,
?,7A,,Vergessene Welt,Frankenjura,Germany,,im linken Teil von Untergriffband nach oben über schmierige Leisten,2014,,,
?,7A,F,Vergessene Welt,Frankenjura,Germany,,im rechten Teil mit schmerzhaften 2-Finger Untergriffloch,2014,,,
?,6C+,F,Vergessene Welt,Frankenjura,Germany,,"Bug im mittleren Teil, weiter letzter Zug",2014,,,
Technics,7A trav,,Klagemauer,Frankenjura,Germany,,ziemlich schwer für ne 7A Traverse!,2017-02-19,,,
Love,7C/7C+,,Klumpergrotte,Frankenjura,Germany,,"kleiner, schmerzhafter Steller aber klettert sich gut",2021-12-19,,2,
Hochmut,7C,,Klumpergrotte,Frankenjura,Germany,,"Sloper patschen, Morpho!!",2017-02-10,,3,
Dämon,7C,,Klumpergrotte,Frankenjura,Germany,,schachtig aber zwei coole Cruxzüge. Nicht der beste Boulder der Welt,,X,,
Mammon,7B trav,,Klumpergrotte,Frankenjura,Germany,,"schöne, lange Traverse. Gut zum Aufwärmen",2017-02-10,,,
Linker Geist,7A+/7B,F,Klumpergrotte,Frankenjura,Germany,,,2021-12-19,,,
Neid,7A,F,Klumpergrotte,Frankenjura,Germany,,,2021-12-19,,2,
Trägheit,6C,F,Klumpergrotte,Frankenjura,Germany,,,2021-12-19,,2,
Oldschool Rocks,8A+,,Klumpertal,Frankenjura,Germany,,"Killer Dach. Eine der besten Dächer Frankens. 8 Powerzüge an Knüppelleisten. Im Frühjahr 2021 ca. 6 Sessions mit widrigen Bedingungen (top-out und Schulterleiste im Dach oft nass/vereist). Absolute King Line, mMn beste 8A+ in Franken!

Start mit Leiste links und Zange rechts. Heel Hook in Loch rechts und links tief stehen. Durchkreuzen auf scharfe Zange mit Daumenzacken. Leichter Knieklemmer mit links und rechten Fuß auf Starttritt dazu stellen, dann mit links hochstellen. Mit links auf Zange ziehen, trittwechsel und mit rechts auf gute Sloperleiste. Links kleinen Nubbel anstehen, rechts auf Slopertritt und hochschnappen auf scharfe Leiste. Rechts auf Startgriff stehen und auf Block abfassen. Mit rechts auf Leiste hochstehen und mit links einen hohen Heel Hook reinzimmern auf dem Zangengriff. Dann links auf gute Seitgriffleiste. Rechts Heel Toe Cam auf guter Sloperleiste und mit rechts ins Dach ziehen auf 3 Finger Knüppler. Links in kleines, schwarzes Loch stehen und durchkreuzen. Rechten Hook kommen lassen und mit rechts auf gute Seitleiste stellen und in Henkel springen. Topaout danach ist ~8+",2021-04-09,,3,
Terminator,8A+,,Klumpertal,Frankenjura,Germany,,"Antistyle und echt schwer für mich. Weite Züge mit schlechten Tritten an guten Griffen. Start an Henkel, links heel-toe-cam und links auf runter ziehende Zange. In guten Untergriff fallen. Füße hoch und auf gute Leiste. Füße rüberschwingen auf schmierigen Tritt nahe des Zielgriffs und mit rechts unterkreuz zur Hand greifen. Matchen (schwerster Zug). Füße auf gute Leiste schwingen und Gas geben auf guten Griff. Rechter Fuß auf abschüssigen Tritt und durchkreuzen in Henkel. Letzter Zug ist n Dyno an ne Kelle.",,X,,
So weit die Hände greifen,7C,,Klumpertal,Frankenjura,Germany,,,,X,,
Blockomotive,7C+,,Klumpertal,Frankenjura,Germany,,von den Startgriffen von Oldschool Rocks,,X,,
Denkste,7C,,Klumpertal,Frankenjura,Germany,,Start an grünem Pfeil (Ausstieg von Blockomotive),2017-02-15,,,
Dschungelfieber,7C trav,,Klumpertal,Frankenjura,Germany,,"soft, sehr gute Traverse mit coolem Hookzug. Für den Start muss man ins Loch kriechen. Extension ist bestimmt auch ganz cool.",März 2016,,,
Kombinist,7B+ trav,,Klumpertal,Frankenjura,Germany,,Adidas Block,2015-06-01,,,
Symphonie,7B/+,F,Klumpertal,Frankenjura,Germany,,"Adidas Block, die Linie am Block",2015-06-01,,,
Dickmann,7B,,Klumpertal,Frankenjura,Germany,,"hart, bissl gedabt, also nochmal machen... 2021-04-09 nach Terminator nochmal gemacht, wieder bisschen gedabt, echt schwer das nicht zu tun :-D",2017-02-15,,,
Pölze Dachboulder,7C+,,Pölze,Frankenjura,Germany,,könnte auch 8A sein. Wahrscheinlich dritte Begehung. 70° Dach mit schmerzhaftem Fingerlock und Sprüngen. Ziemlich nice! 1 Session,2015-12-01,,,"fettes Dach, regensicher"
Bodenrandori,7C,,Finstermühle,Frankenjura,Germany,,,2015,,,"nach der Schule rechts, nach ca. 500m rechts parken, Boulder auf der anderen Seite"
Schlitzbrunser,7C trav,,Finstermühle,Frankenjura,Germany,,leichter... eher 7B trav,2015,,,
?,7A trav,F,Finstermühle,Frankenjura,Germany,,"Aufwärmen, halbe Traverse",2015,,,
Monet,8A,,Leupoldsteiner Höhle,Frankenjura,Germany,,"Beta: mit rechts auf Liste im Dach ziehen, voll herknüppeln und links eingedreht hochsteigen. Links auf Sloper abfassen und verlängern auf ok Zange. Dann richtig schwer: rechten Fuß in Loch links neben dem Startgriff, linken Fuß raus auf kleinen Noppen und mit rechts auf schlechte Sloperleiste hacken. Links auf kleinen Chip stehen und Gas geben auf Sloper an Kante links, hier kommen die Füße. Links dazu hooken und 2x verlängern (dazwischen linken Hook nachpositionieren)  auf ok. Sloper (Gekräusel). Dann DOPPELHOOK zur rechten Hand über die Hand, kurz im Dach auf schlechter Leiste abfassen und direkt auf gute Leiste an linker Dachkante. Mit links noch einmal hoch, Füße kommen lassen, hooken und mit links auf Zange. Rechts auf 2 Finger Loch, Hook nachholen und durchkreuzen auf Henkel Doppeln und links 2 Finger Loch und rechts auf Abschlusskelle. Guter Boulder!",,X,,gute Grotte für Regentage oder schlechte Bedingungen. Hauptsächlich im Grad 7A-7C
Picasso,7C,,Leupoldsteiner Höhle,Frankenjura,Germany,,super Boulder!,2017-02-07,,,
Bildhauerei,7C,,Leupoldsteiner Höhle,Frankenjura,Germany,,so harter letzter Zug!,,X,,
Messerboulder,7C,,Leupoldsteiner Höhle,Frankenjura,Germany,,fetter Dyno,2017-02-17,,,
Nimm die Finger weg,7C trav,,Leupoldsteiner Höhle,Frankenjura,Germany,,Cool!,2017-02-17,,,
Renoit,7B+,,Leupoldsteiner Höhle,Frankenjura,Germany,,hart! Cooler Sprung,2015-12-01,,,
?,7B,,Leupoldsteiner Höhle,Frankenjura,Germany,,linke 7B an linker Seite mit weitem Zug in Untergriff und dann Mono.,2015-12-01,,,
?,7B,,Leupoldsteiner Höhle,Frankenjura,Germany,,"linke 7B an linker Seite mit Sprung rechts raus, dann gehenkel, ziemlich hoch. Super Ding!!",2015-12-01,,,
Bruchmeier,7A+,F,Leupoldsteiner Höhle,Frankenjura,Germany,,"an linker Seite, ganz ok",,,,
Bildmalerei,7A,,Leupoldsteiner Höhle,Frankenjura,Germany,,eher leicht,2017-02-17,,,
?,7A,,Leupoldsteiner Höhle,Frankenjura,Germany,,schachtige 7A kurz vor der Höhle,2017-02-07,,,
?,7A trav,,Leupoldsteiner Höhle,Frankenjura,Germany,,zwischen den beiden 7B´s und Headbanger ganz im dunkeln starten. Gar nicht schlecht,2017-02-17,,,
Rembrand,7A,F,Leupoldsteiner Höhle,Frankenjura,Germany,,,2015-12-01,,,
Van Gogh,6C trav,,Leupoldsteiner Höhle,Frankenjura,Germany,,Traverse an rechter Seite unterm Bug,2015-12-01,,,
Fountainhead,8A,,Fountainhead,Frankenjura,Germany,,"Im 3. Go oder so. Bin richtig fit, zweiter 8A Boulder, einer der schönsten Frankens!",2017-03-15,,,
Milchstraße,7C,F,Forget about life for a while,Frankenjura,Germany,,"Juhu, erster 7C Flash. Danach nochmal reingegangen und die Einzelzüge nicht mehr hinbekommen ;-D",2017-11-29,,,
Traverse,7B,,Fietzparcour,Frankenjura,Germany,,,,X,,
Fietzplatte,7A,F,Fietzparcour,Frankenjura,Germany,,,2014,,,
Doof,7A+,,Fietzparcour,Frankenjura,Germany,,2. Go,2014,,,
Déjà Vu,7C trav,,Tretboothang,Frankenjura,Germany,,lange Traverse gleich am Anfang,,X,,"bei Pottenstein an der Sommerrodelbahn parken, dann am See entlang"
Minigolf,7C,,Tretboothang,Frankenjura,Germany,,,,X,,
Casanova,7B+,,Tretboothang,Frankenjura,Germany,,,,X,,
Tretboot,7B,,Tretboothang,Frankenjura,Germany,,2. Go,2014,,,
"Im linken Teil, im linken Wandteil",~7B,,Tretboothang,Frankenjura,Germany,,,2014,,,
Landlords,8A+,,Waischenfelder Block,Frankenjura,Germany,,,,X,,
Beastie Boys,7C+,,Waischenfelder Block,Frankenjura,Germany,hard,3 Tage,2021-03-29,,,
Rampino,7C,,Waischenfelder Block,Frankenjura,Germany,,"sackhart, hat nichts mit 7C zu tun, eher knackig 7C+",,X,,
Don't Look Back,7B,,Waischenfelder Block,Frankenjura,Germany,,,,X,,
Wilkinson,7C/7C+,,Ralf´s/Voyager Blöcke,Frankenjura,Germany,,rasiermesserscharfe Leiste,2015,,,"nach Gräfenberg links nach Großenohe, 500m rechts, auf Wiese parken, dann Berg hoch"
Swing Copters,7C,,Ralf´s/Voyager Blöcke,Frankenjura,Germany,,,2021-02-15,,,
Yokozuna,7B+,,Ralf´s/Voyager Blöcke,Frankenjura,Germany,,,2015,,,
Albatross,7B,,Ralf´s/Voyager Blöcke,Frankenjura,Germany,,cooler Sprung,2015,,,
Schleimbeutel,7A+,F,Ralf´s/Voyager Blöcke,Frankenjura,Germany,,,2015,,,
Eintagsfliege,7A+,F,Ralf´s/Voyager Blöcke,Frankenjura,Germany,,"Boulder rechts von Schleimbeutel mit Knieklemmer, Name weiß ich nicht genau",2015,,,
Kristallo,7C,,Steinerne Stadt,Frankenjura,Germany,,Start an 2 Finger Steller links und Delle rechts leicht überhalb,,X,,
Slimfast,7C,,Steinerne Stadt,Frankenjura,Germany,,Weiter Untergriffzug. Könnte auch RDD sein!????,2015,,,
Carrigan Boulder,7B,,Steinerne Stadt,Frankenjura,Germany,,,2015,,,
Sloperboulder,7B,F,Steinerne Stadt,Frankenjura,Germany,,,2015,,,
Corner Shop,7B,F,Steinerne Stadt,Frankenjura,Germany,,,2015,,,
Links von Cornershop,7A,,Steinerne Stadt,Frankenjura,Germany,,Name?,2015,,,
"rechts von Slimfast, weit mit Dropknee",7A,,Steinerne Stadt,Frankenjura,Germany,,Name?,2015,,,
rechts von Slimfast,~7A,,Steinerne Stadt,Frankenjura,Germany,,Name?,2015,,,
Guns n Roses,7C,,ZZ-Top Grotte,Frankenjura,Germany,,"gute Linie, habs Dezember 2015 mal nass versucht, dann ist es echt schwer, im November 2024 mit Sam dann weggeknüppelt. Fetter Boulder, schwer bis zum Schluss.",2024-11-17,3,,
ZZ-Top,7B,,ZZ-Top Grotte,Frankenjura,Germany,hard,"harter erster Zug, echt guter Boulder",2024-11-17,2,,
Viva las Vegas / Toehookboulder,7B,F,ZZ-Top Grotte,Frankenjura,Germany,,,2015-12-13,,,"auch bei Regen oft trocken. Wenn die abgesoffen ist, ist wirklich alles nass"
Winterbreit,7A,F,ZZ-Top Grotte,Frankenjura,Germany,,,2024-11-17,,,
N.N. (Rechts von Winterzeit),6C,,ZZ-Top Grotte,Frankenjura,Germany,,Name?,2015-12-13,,,
Winterzeit,5A,F,ZZ-Top Grotte,Frankenjura,Germany,,,2024-11-17,2,,
Riesenarschloch,7C,,Oberaisfelder Strand,Frankenjura,Germany,,"Lange Traverse, schwer nur am Ende",2018-02-10,,,
Kleines Arschloch,7B,,Oberaisfelder Strand,Frankenjura,Germany,hard,,2018-02-10,,,
Linker Quergang,6C trav,,Oberaisfelder Strand,Frankenjura,Germany,,nicht 7A,2018-02-10,,,
Rechter Quergang,7A trav,,Oberaisfelder Strand,Frankenjura,Germany,,,2018-02-10,,,
Large,7C+,,Reibertsberger Höhle,Frankenjura,Germany,,,,X,,
Small Direkt,7C/7C+,,Reibertsberger Höhle,Frankenjura,Germany,,sicher nur 7C wenn man groß ist.,2019-12-18,,,
Medium,7C,,Reibertsberger Höhle,Frankenjura,Germany,,,2020-01-03,,,
Who's the Man,7C+,,Winterstein,Frankenjura,Germany,,mächtiger Sprung durchs Dach,2020-03-04,,3,
Warhammer,7C,,Winterstein,Frankenjura,Germany,,,,X,,
Die kaufkräftigen Alten,7C,trav,Winterstein,Frankenjura,Germany,,,2020-03-04,,,
Alienware,7C+,,Alien Blöcke,Frankenjura,Germany,soft,"Sehr definiert (ohne rechte Wand). Ich hab von dem guten Griff rechts den Sloper links kurz zwischengehalten aber dann nicht mit dem Hook rechts hochgezogen sondern links verlängert. 7C/+ würde ich sagen, aber so echt reachy",2020-03-14,,,
Socializing,7C,F,Alien Blöcke,Frankenjura,Germany,soft,"Minimaler Dab an einer Stelle, super ärgerlich... Naja, war jedenfalls echt locker",2020-03-14,,3,
Alien,7B+,,Alien Blöcke,Frankenjura,Germany,soft,Klettert sich richtig gut!,2020-03-14,,,
Traverse vlnr,7A,trav,Pferdekoppel,Frankenjura,Germany,,gute Ausfärmtraverse,2020-06-01,,,
Straight-up aus der Höhle,7B+,,Pferdekoppel,Frankenjura,Germany,,idiotischer Sitzstart,2020-06-01,,,
Red Dragon,7C,,Red Dragon,Frankenjura,Germany,hard,,,X,2,
Antagonist,8A,,Schirradorf,Frankenjura,Germany,,,,X,2,
Deluxe,7B,,Schirradorf,Frankenjura,Germany,hard,,2020-11-28,,,
Traverse am Dach v.l.n.mitte,7A,"trav, F",Schirradorf,Frankenjura,Germany,,,2020-11-28,,,
Hueco Straight-Up,7C+,,Hueco Block,Frankenjura,Germany,,"hammer Boulder, hoch und dynamisch, echt super",2020-12-11,,3,
Hueco Traverse,7B,trav,Hueco Block,Frankenjura,Germany,hard,,2020-12-04,,,
Hulk,7C,,Hulk Blöcke,Frankenjura,Germany,,,2020-01-02,,2,
links aus der Höhle,7C,,Boys Tempel,Frankenjura,Germany,,richtig gut!,,X,3,
rechts aus der Höhle,7B,,Boys Tempel,Frankenjura,Germany,,,2020-01-02,,,
The will to live,7C,,Klauser Alm,Zillertal,Austria,,,,X,,
Broken Arrow,7C,,Klauser Alm,Zillertal,Austria,,,,X,,
Hueco,6C+,F,Klauser Alm,Zillertal,Austria,,,2013,,,
Virtuosi,6C,F,Klauser Alm,Zillertal,Austria,,,2013,,,
Rain in the Face,6C,F,Klauser Alm,Zillertal,Austria,,,2013,,,
Down by law,6C,,Klauser Alm,Zillertal,Austria,,,2013,,,
Schmetterlingsplatte,6B,F,Klauser Alm,Zillertal,Austria,,,2013,,,
Mangal,7B,,Kaseler Alm,Zillertal,Austria,,eher 7A (Reichweite),2013,,,
Smilie,6C+,F,Kaseler Alm,Zillertal,Austria,,,2013,,,
Too easy to fall to hard to do,6A,F,Kaseler Alm,Zillertal,Austria,,,2013,,,
Spiderworld,6A,F,Kaseler Alm,Zillertal,Austria,,,2013,,,
Ginzling Extrem,7A+,,Ginzling Wald,Zillertal,Austria,,"bin am allereinfachsten Zug, dem Startzug gefallen. Danach ""geflashed""",2013,,,
Dynamo,7A+,,Ginzling Wald,Zillertal,Austria,,,2013,,,
Hintze,6B+,F,Ginzling Wald,Zillertal,Austria,,,2013,,,
Ampeldrucka,6B+,F,Ginzling Wald,Zillertal,Austria,,,2013,,,
Happy Colours ,7C,,Kesslerloch,Kesslerloch,Switzerland,,theoretisch erster 7C Boulder. Eher soft,2014,,,
Fred Feuerstein ,7C,F,Kesslerloch,Kesslerloch,Switzerland,,nieeeeemals 7C!,2014,,,
Paläophysiologie ,7B+,,Kesslerloch,Kesslerloch,Switzerland,,,2012,,,
Ice Age II ,7A+,,Kesslerloch,Kesslerloch,Switzerland,,,2014,,,
Ice Age I ,7A,,Kesslerloch,Kesslerloch,Switzerland,,,2012,,,
Trainspotting ,7A,,Kesslerloch,Kesslerloch,Switzerland,,,2012,,,
Catacombes,7A,,Rocher 91.1,Fontainebleau,France,,,2014,,,
Flipper,6B,,Rocher 91.1,Fontainebleau,France,,,2014,,,
Les Lutins,6A+,,Rocher 91.1,Fontainebleau,France,,,2014,,,
Le Grand Dièdre,6A,,Rocher 91.1,Fontainebleau,France,,,2014,,,
Le Cure-Dents,6A,,Rocher 91.1,Fontainebleau,France,,,2014,,,
La Goulette,6A,,Rocher 91.1,Fontainebleau,France,,,2014,,,
Ingratitude,5B+,,Rocher 91.1,Fontainebleau,France,,"5B+ , ich glaub es hackt!",2014,,,
Blancier Jump,7A,,Franchard Isatis,Fontainebleau,France,,,2014,,,
l´Envie des Bêtes,6B+,,Franchard Isatis,Fontainebleau,France,,,2014,,,
L´Amonche Doigt,6B,,Franchard Isatis,Fontainebleau,France,,,2014,X,,
Yapludju,6A+,,Franchard Isatis,Fontainebleau,France,,,2014,,,
Kéo,7A,,Canche aux Merciers,Fontainebleau,France,,,2014,,,
Kaki,6C,,Canche aux Merciers,Fontainebleau,France,,,2014,,,
Le Toit des Braves,6B,,Canche aux Merciers,Fontainebleau,France,,,2014,,,
Enfer des Nains,6A,F,Canche aux Merciers,Fontainebleau,France,,,2014,,,
Coup de Lune,7C,,L´Éléphant,Fontainebleau,France,,2012 oder so mal probiert. Damals nicht machbar,,X,,
Barre Fixe,7B+,,L´Éléphant,Fontainebleau,France,,Löcherboulder. Geht,,X,,
Le Coeur,7A,,L´Éléphant,Fontainebleau,France,,muss doch wohl mal gehen...,,X,,
Trav-B-F,6C+,F,L´Éléphant,Fontainebleau,France,,,2014,,,
Le Toit du Loup,6C+,,L´Éléphant,Fontainebleau,France,,,2012,,,
La Voie Michaud,6C,F,L´Éléphant,Fontainebleau,France,,,2014,,,
Absent Friends,6B,,L´Éléphant,Fontainebleau,France,,,2012,,,
Médaillon,6B,F,L´Éléphant,Fontainebleau,France,,,2014,,,
Surplomb Éléphant,6A+,,L´Éléphant,Fontainebleau,France,,,2014,,,
L´Y,6A,,L´Éléphant,Fontainebleau,France,,,2014,,,
La Dalle à Poly,5A,F,L´Éléphant,Fontainebleau,France,,Highball,2014,,,
Memoire d´Outre Tombe,7A+,,Rocher Fin,Fontainebleau,France,,,2014,,,
Désordre,6C,,Rocher Fin,Fontainebleau,France,,,2014,,,
Coeur Aride,6B,,Rocher Fin,Fontainebleau,France,,,2014,,,
Bras de Fer,6A,,Rocher Fin,Fontainebleau,France,,,2014,,,
Porcelaine,5B ,,Rocher Fin,Fontainebleau,France,,Schöne Platte,2014,,,
Lucifer,7B,,Rocher aux Sabots,Fontainebleau,France,,Platte. Als Wallrun gehts :-D,,X,,
Jeux de Toit,7A,,Rocher aux Sabots,Fontainebleau,France,,,2012,,,
Jet Set,7A,,Rocher aux Sabots,Fontainebleau,France,,,2014,,,
Legalize This,7A,,Rocher aux Sabots,Fontainebleau,France,,,2014,,,
Angle à Jean-Luc,6C,,Rocher aux Sabots,Fontainebleau,France,,,,X,,
T.G.V.,6B,,Rocher aux Sabots,Fontainebleau,France,,,2012,,,
Crosse en l´Air,6A,F,Rocher aux Sabots,Fontainebleau,France,,,2014,,,
Pain Total,6A,,Rocher aux Sabots,Fontainebleau,France,,,2014,,,
Coup de Genoux,6A,,Rocher aux Sabots,Fontainebleau,France,,,2014,,,
Arabesque,7B+,,Cul de Chien,Fontainebleau,France,,,,X,,
Le Toit de Cul de Chien,7A,F,Cul de Chien,Fontainebleau,France,,,2012,,,
Hip-Hop,7C+,,Mlynsky Vrch,Petrohrad,Czech Republic,,,,X,,
Jolly Jumper,7C+,,Mlynsky Vrch,Petrohrad,Czech Republic,,,,X,,
Hip,7B,,Mlynsky Vrch,Petrohrad,Czech Republic,,erster Teil von Hip-Hop,2015,,,
Hipodrom,7B,,Mlynsky Vrch,Petrohrad,Czech Republic,,sehr geile Traverse,2015,,,
Obejmi Souduha Sit,7C/+,,Vyhlidkova Skala,Petrohrad,Czech Republic,,"Dach in Platte, mega gut!",,X,,
Flying Boy,7B+,,Vyhlidkova Skala,Petrohrad,Czech Republic,,schwerer Dynamo,,X,,
Obejmi Souduha,7B+,,Vyhlidkova Skala,Petrohrad,Czech Republic,,Stehstart,2015,,,
Levej,7B,,Vyhlidkova Skala,Petrohrad,Czech Republic,,,2015,,,
Arena,7A/+,,Vyhlidkova Skala,Petrohrad,Czech Republic,,"Highball, gruselig, genial",2015,,,
Nocturnal Activities,8A,,Vestrahorn,Vestrahorn,Iceland,,soft aber erster 8A Boulder,2016-07-30,,,
Kex Sit,7C+,F,Vestrahorn,Vestrahorn,Iceland,,"erste 7C+ Flash, soft, ""Islandrennbahn""",2016-07-30,,,
Vindgöng,7C,,Vestrahorn,Vestrahorn,Iceland,,coole Traverse,2016-07-30,,,
Starz 'N' Stripz,7C,,Vestrahorn,Vestrahorn,Iceland,,sehr schwarfe Cripms,2016-07-30,,,
Crazy Flipping Germans,7C,,Vestrahorn,Vestrahorn,Iceland,,"morpho, saugeile FA von Alex Förschler",2016-07-30,,,
Two against nature,7B+,,Vestrahorn,Vestrahorn,Iceland,,"Aufwärmblock, Dyno an scharfen Griffen",2016-07-30,,,
Óslípaður demantur,7B+,,Vestrahorn,Vestrahorn,Iceland,,,2016-07-30,,,
Muuh,7B,F,Vestrahorn,Vestrahorn,Iceland,,,2016-07-30,,,
The Dance of the Vikings,7B,FA,Vestrahorn,Vestrahorn,Iceland,,meine coolste Erstbegehung in Island,2016-07-30,,,
Grjót löndun,7A,,Vestrahorn,Vestrahorn,Iceland,,"Aufwrämblock ganz rechts, nicht 7B",2016-07-30,,,
The Wave,7A,F,Vestrahorn,Vestrahorn,Iceland,,cooler Mantle am Beachblock von Paddy,2016-07-30,,,
Skinny Jesus,7A,FA,Vestrahorn,Vestrahorn,Iceland,,,2016-07-30,,,
Probably Totalled,7A,,Vestrahorn,Vestrahorn,Iceland,,wahnsinns Highball von Tom,2016-07-30,,,
Smaug,6C+,,Vestrahorn,Vestrahorn,Iceland,,FA von Andrea,2016-07-30,,,
Djúpsprengja ,6C+,,Vestrahorn,Vestrahorn,Iceland,,,2016-07-30,,,
Skinny J,6C+,,Vestrahorn,Vestrahorn,Iceland,,FA von Jens,2016-07-30,,,
Slim Jesus,6C+ trav,,Vestrahorn,Vestrahorn,Iceland,,FA von Paddy,2016-07-30,,,
Smacker,6C,F,Vestrahorn,Vestrahorn,Iceland,,FA von Paul,2016-07-30,,,
Kuckugsmilch,6C,F,Vestrahorn,Vestrahorn,Iceland,,FA von Paul,2016-07-30,,,
"Christian, der Wikinger",6B+,F,Vestrahorn,Vestrahorn,Iceland,,"FA von Lulu, Paul und mir",2016-07-30,,,
Flipper,6B,,Vestrahorn,Vestrahorn,Iceland,,FA von Paul,2016-07-30,,,
Paul Robinson Testpiece,6A,F,Vestrahorn,Vestrahorn,Iceland,,sehr fotogener Block,2016-07-30,,,
Hnappavallaundrið,7B,,Hnappavellir,Hnappavellir,Iceland,,cooler Bug,2016-07-30,,,
Górillan,6A,,Hnappavellir,Hnappavellir,Iceland,,"schwer, geht auch als Trippeldyno",2016-07-30,,,
Bergsteigerdynamo aka. Penispropeller,7B,FA,Askja,Askja,Iceland,,,2016-08-01,,,
Regenbogenschwein,6C+,,Askja,Askja,Iceland,,FA von Paddy,2016-08-01,,,Lavafeld Bouldern
Rainbow Warrior,6C+,F,Askja,Askja,Iceland,,mega FA von Tom mit Regenbogen im Hintergrund. Cooler schwarzer Bug mit Löchern,2016-08-01,,,
Dr. Depp,6C+,,Askja,Askja,Iceland,,FA von Tom Thudium,2016-08-01,,,
Quoten-7A,6C,,Askja,Askja,Iceland,,FA von Tom Thudium,2016-08-01,,,
Neigungsgruppe Rindfleischsuppe,6B+,FA,Askja,Askja,Iceland,,,2016-08-01,,,
Penispumpe,6A,FA,Askja,Askja,Iceland,,im Regen,2016-08-01,,,
HTF,ungraded,FA,Askja,Askja,Iceland,,Doppeldynospielerei im Regen,2016-08-01,,,
All washed up,v6,,Cap Rock,Joshua Tree,USA,,"fucking hard and scary, sehr cooles klassisches Problem von Bachar",2016-10-01,,,
Lunge for it,v3,,Cap Rock,Joshua Tree,USA,,hart,2016-10-01,,,
Colliherb,v1,F,Cap Rock,Joshua Tree,USA,,,2016-10-01,,,
Fry Problem,v2,,Fry Boulders,Joshua Tree,USA,,"mehrere Versuche, wie hart ist eigentlich Joshua Tree!!!!???",2016-10-01,,,
Reach for the peach,v0,,Fry Boulders,Joshua Tree,USA,,hohe Platte,2016-10-01,,,
Cornpone,v0,F,Fry Boulders,Joshua Tree,USA,,,2016-10-01,,,
Spud Crade,.8,F,Fry Boulders,Joshua Tree,USA,,,2016-10-01,,,
Body and Soul,v5,,The Underground,Joshua Tree,USA,,"sehr geiles Problem, wenn ich beim Mandtle gefallen wäre, wäre ich direkt im Busch gelandet :-/",2016-10-01,,,
4:20 at the Underground,v4,,The Underground,Joshua Tree,USA,,,2016-10-01,,,
Slashface,v3,F,Geology Tour Road,Joshua Tree,USA,,hoch!,16.03.18,,,
Caveman,v7,,Hidden Valley Campground,Joshua Tree,USA,,Bei Nacht,24.03.18,,,
Scatterbrain,v6,,Hidden Valley Campground,Joshua Tree,USA,,geiler dynamischer Zug von coolem Sloper aus,25.03.18,,,
Stem Gem,v4,,Hidden Valley Campground,Joshua Tree,USA,,"einer der abgefahrensten Boulder, die ich je gemacht habe. Keine Griffe, nur stemmen und Plattenkletterei",17.03.18,,,
White Rastafarian,v2,F,Hidden Valley Campground,Joshua Tree,USA,,SO riesig!,17.03.18,,,
Saturday Night Live,v4,,Real Hidden Valley,Joshua Tree,USA,,"in einer Samstag Nacht, live",23.03.18,,,
Illegal Alien,v10,,Mt. Baldy,Mt. Baldy,USA,,soft,20.03.18,,,
Kante,v6,,Mt. Baldy,Mt. Baldy,USA,,vielleicht ne Erstbegehung?,20.03.18,,,
Mitnight Lightning,v8,,Camp 4,Yosemite,USA,,"Classic, nasse Platte oben nach ultra geilem Mantel",2016-11-01,,3,
Blue Suede Shoes,v5,,Camp 4,Yosemite,USA,,"Platte, stand on your feet. Met Adam Ondra there. Nice Guy!!!",2016-11-01,,3,
The Farce,V9,,Camp 4,Yosemite,USA,,,,X,3,
King Cobra,V8,,Camp 4,Yosemite,USA,,,,X,2,
The Font Problem,V6,,Camp 4,Yosemite,USA,,,2022-05-09,,2,
The Zschiesche Problem,V3,,Camp 4,Yosemite,USA,,,2022-05-09,,,
Unnamed Traverse,V2,F,Camp 4,Yosemite,USA,,,2022-05-09,,,
The Glass Pyramid Face,V1,F,Camp 4,Yosemite,USA,,,2022-05-09,,3,
The Glass Pyramid Arete,V0,F,Camp 4,Yosemite,USA,,,2022-05-09,,,
The Wizard,V10,,Cathedral Boulders,Yosemite,USA,,"2m Sprung von Block in die Platte hinein, ca. 8-9m hoch :-O Krasses Ding",,X,,
The King,V7,F,Cathedral Boulders,Yosemite,USA,,,12.04.18,,,cooler letzter Bouldertag im Yosemite mit Andrea und verletztem Tom nach der Nose
Hexagon,V7,2. Go,Cathedral Boulders,Yosemite,USA,,,12.04.18,,,
Fishhead,V7,2. Go,Cathedral Boulders,Yosemite,USA,,,12.04.18,,,
Octagon,V6,F,Cathedral Boulders,Yosemite,USA,,,12.04.18,,,
links von Octagon,V5,F,Cathedral Boulders,Yosemite,USA,,,12.04.18,,,
Wet Dream,v12,,Black Velvet Canyon,Red Rocks,USA,,der beste Block der Welt!,,X,,
Wet Dream Right,v11,,Black Velvet Canyon,Red Rocks,USA,,,,X,,
The Fountainhead,v9,,Black Velvet Canyon,Red Rocks,USA,,"am Ende des Tages völlig zerstört im Dunkeln nach fetter Boulderaction in Wet Dream noch abholen können. Jeah!!! Back in Bouldershape, psyched!",November 2016,,,
Freedom Fighter Sit,v7,,Black Velvet Canyon,Red Rocks,USA,,,November 2016,,,
Murphy´s Law,V2/3,F,Black Velvet Canyon,Red Rocks,USA,,,November 2016,,,
West Face,v2,F,Black Velvet Canyon,Red Rocks,USA,,,November 2016,,,
Natascha´s Highball,v2,F,Black Velvet Canyon,Red Rocks,USA,,"einfach nur perfekter, 15m hoher Block mit Kellen und Platte oben",November 2016,,,
West Face Crack,v2,,Black Velvet Canyon,Red Rocks,USA,,,November 2016,,,
Slab,v1,F,Black Velvet Canyon,Red Rocks,USA,,,November 2016,,,
Downclimb,v0,F,Black Velvet Canyon,Red Rocks,USA,,,November 2016,,,
Timmy´s Problem,v9,,Kraft Boulders,Red Rocks,USA,,"Palm Flapper, 2 Zug Problem",,X,,
Scare Tactics,v9,,Kraft Boulders,Red Rocks,USA,,,,,,"hohe Konzentration an leichten, schweren, sonnigen und schattigen Bouldern direkt nebeneinander"
Monkey Bar Direct,v8,,Kraft Boulders,Red Rocks,USA,,pockets,Dezember 2016,,,
Angel Dyno,V6/8,,Kraft Boulders,Red Rocks,USA,,"erstaunlich schwer den Schwung zurück zu halten, vor allem in der Sonne",Dezember 2016,,,
Dirty Slut,V7/8,,Kraft Boulders,Red Rocks,USA,,link up von Dirty Rail und Sandy Slut,Dezember 2016,,,
Dirty Rail,v7,,Kraft Boulders,Red Rocks,USA,,2. Go,Dezember 2016,,,
Monkey Bar Traverse,V6/7,F,Kraft Boulders,Red Rocks,USA,,,Dezember 2016,,,
My Tan,V6/7,F,Kraft Boulders,Red Rocks,USA,,,Dezember 2016,,,
Picasso,v6,,Kraft Boulders,Red Rocks,USA,,,Dezember 2016,,,
Dirty Rail Downclimb,v6,,Kraft Boulders,Red Rocks,USA,,,Dezember 2016,,,
Vino Rojo,v6,F,Kraft Boulders,Red Rocks,USA,,Fantastischer Boulder mit cooler Ausstiegsplatte,Dezember 2016,,,
Monkey Bar Right,v6,,Kraft Boulders,Red Rocks,USA,,hart und schmierig,Dezember 2016,,,
The Alexisizer,v6,F,Kraft Boulders,Red Rocks,USA,,,Dezember 2016,,,
The Pearl,v5,F,Kraft Boulders,Red Rocks,USA,,,Dezember 2016,,,
The Bathtub,v5,,Kraft Boulders,Red Rocks,USA,,,Dezember 2016,,,
Hyperglide,V4/5,F,Kraft Boulders,Red Rocks,USA,,,Dezember 2016,,,
Dusty Coffee,V4/5,F,Kraft Boulders,Red Rocks,USA,,,Dezember 2016,,,
Jones´n,v4,F,Kraft Boulders,Red Rocks,USA,,,Dezember 2016,,,
Jenna´s Jewelry,v4,F,Kraft Boulders,Red Rocks,USA,,,Dezember 2016,,,
Left Exit,v4,,Kraft Boulders,Red Rocks,USA,,just jump,Dezember 2016,,,
Clam Bumper,V3/4,F,Kraft Boulders,Red Rocks,USA,,,Dezember 2016,,,
Sandy Slut,v3,,Kraft Boulders,Red Rocks,USA,,,Dezember 2016,,,
Butt Crack Boulder Southeast face,v3,,Kraft Boulders,Red Rocks,USA,,,Dezember 2016,,,
Monkey Bars,v2,F,Kraft Boulders,Red Rocks,USA,,,Dezember 2016,,,
Potato Chips,v2,F,Kraft Boulders,Red Rocks,USA,,,Dezember 2016,,,
Fluffer,v2,F,Kraft Boulders,Red Rocks,USA,,,Dezember 2016,,,
Poker Chips,v1,,Kraft Boulders,Red Rocks,USA,,,Dezember 2016,,,
Perfect Poser,v1,F,Kraft Boulders,Red Rocks,USA,,10m Highball im Dunkeln,Dezember 2016,,,
Front Size Crack,V5.10,F,Kraft Boulders,Red Rocks,USA,,"Layback into Kamin, sehr fotogen",Dezember 2016,,,
Plumber´s Crack,V5.9,F,Kraft Boulders,Red Rocks,USA,,,Dezember 2016,,,
Lethal Design,v12,,The Gateway Canyon,Red Rocks,USA,,"Start mit Hook rechts, rechts in Untergriff Leiste, links auf guten Tritt und harter Zug hoch auf 4 Finger Zange (Index neben den Griff), Heelhook auf linken Startgriff, rechts in Untergriff. Schwerster Zug ist jetzt mit links hoch auf scharfe 3 Finger Leiste. Dafür tief links stehen. Zuknüppeln, rechts aufhocken und mit RECHTS in Schlitz. Links auf sloprige Leiste, rechts auf Splituntergriff (Ring und Mittelfinger an guter Stelle, crimpen). Durchlaufen und weiter Kreuzer mit kurzem Abfasser auf gute Leiste. Mit rechts aufhocken, kurz zwischengreifen und auf Untergriff rechts außen. Durchlaufen und mit links Zange matchen. Rechts abfassen und weit rausziehen auf scharfe Leiste. Linker Seitgriff auf Untergriff drehen (Daumen auf Zacken), rechts auf guten Tritt mit Dropknee und verlängern auf scharfe Leiste. Links aufhocken und gute Leiste. Hier ist der Boulder prinzipiell vorbei, Topout ist scary aber nicht so schwer",,X,,
Stake your Claim,v10,,The Gateway Canyon,Red Rocks,USA,,Campusmoves an Leisten ohne Tritte,Dezember 2016,,,gute Alternative zu Kraft wenn es sehr warm und voll ist
Americana Exotica,V9/10,,The Gateway Canyon,Red Rocks,USA,,"Mega gute Linie, 3 Züge schwer, harte Pinches an perfektem Gestein, hautfreundlich
Untergriff Start, beide Füße auf Rampe links, rechts hoch auf Zange. Linker Fuß auf Rampe und linke Hand in den LINKEN Untergriff, rechter Fuß auf schlechten Tritt und direkt in Seitgriff (schlechte Zange auslassen).",Dezember 2016,,,
Graveyard Rave,v9,,The Gateway Canyon,Red Rocks,USA,,soft,Dezember 2016,,,
Bitch Slap 5,v9,,The Gateway Canyon,Red Rocks,USA,,zusammen mit Graveyard Rave und Americana Exotica an einem Tag. 3X 7C :-) guter Tag mit Doro und Andi nach 15km Rennrad bergauf fahren um die die Red Rocks zu kommen,Dezember 2016,,,
Abstraction,v8,,The Gateway Canyon,Red Rocks,USA,,sehr cool mit offener Tür,Dezember 2016,,,
Mr. Moran,v7,F,The Gateway Canyon,Red Rocks,USA,,,Dezember 2016,,,
Stake your Claim center,v6,,The Gateway Canyon,Red Rocks,USA,,,Dezember 2016,,,
Stake your Claim left,v6,F,The Gateway Canyon,Red Rocks,USA,,,Dezember 2016,,,
Supernova,v5,,The Gateway Canyon,Red Rocks,USA,,straight out of Fontainebleau,Dezember 2016,,,
The Pork Chop,V2/3,F,The Gateway Canyon,Red Rocks,USA,,,Dezember 2016,,,
The Lamp Chop,v2,F,The Gateway Canyon,Red Rocks,USA,,,Dezember 2016,,,
Grotesk old women,v8,,Brickyard,Santa Barbara,USA,,,2. Januar 2017,,,"Mini Fontainebleau Paradies mit tollem, recht weichem Gestein direkt über dem Ozean!"
Mr. Witty,v8,,Brickyard,Santa Barbara,USA,,,2. Januar 2017,,,
Dancing Outlaw,v8,,Brickyard,Santa Barbara,USA,,,2. Januar 2017,,,
Soot Patrol,v7,,Brickyard,Santa Barbara,USA,,warum sollte man nach den ersten Metern aufhören? Gute Extension!,2. Januar 2017,,,
Yeti Dyno,v7,F,Brickyard,Santa Barbara,USA,,flashed the Dyno,2. Januar 2017,,,
Smooth Criminal,v6,F,Brickyard,Santa Barbara,USA,,,2. Januar 2017,,,
Watch the Dog,v5,F,Brickyard,Santa Barbara,USA,,,2. Januar 2017,,,
The Yeti,v4,F,Brickyard,Santa Barbara,USA,,,2. Januar 2017,,,
Charlet´s Web,v3,F,Brickyard,Santa Barbara,USA,,,2. Januar 2017,,,
Warm Up,v1,F,Brickyard,Santa Barbara,USA,,,2. Januar 2017,,,
Skin O' My Teeth,v8,,West Nile,Santa Barbara,USA,2. Go,"das einzige mal heute bei 102 V-Punkten, dass ich gefallen bin. Second Go",3. Januar 2017,,,
Le Prevett,v6,F,West Nile,Santa Barbara,USA,,großartiger Tag mit 102 V-Punkten und ein mal fallen,3. Januar 2017,,,
Lebernd Sit,v6,F,West Nile,Santa Barbara,USA,,,3. Januar 2017,,,
Lebernd,v5,F,West Nile,Santa Barbara,USA,,,3. Januar 2017,,,
Warm Up,v3,F,West Nile,Santa Barbara,USA,,,3. Januar 2017,,,
Big Deal,v6,F,Painted Cave,Santa Barbara,USA,,,3. Januar 2017,,,
Heavy Traffic,v4,F,Painted Cave,Santa Barbara,USA,,,3. Januar 2017,,,
Cave Traverse,v3,F,Painted Cave,Santa Barbara,USA,,,3. Januar 2017,,,
Big Traffic,v3,F,Painted Cave,Santa Barbara,USA,,,3. Januar 2017,,,
Roof,v3,F,Painted Cave,Santa Barbara,USA,,,3. Januar 2017,,,
Vertical,v2,F,Painted Cave,Santa Barbara,USA,,,3. Januar 2017,,,
Vertical,v2,F,Painted Cave,Santa Barbara,USA,,,3. Januar 2017,,,
Traverse,v2,F,Painted Cave,Santa Barbara,USA,,,3. Januar 2017,,,
Steve Edward´s Project,v5,F,Lizard's Mouth,Santa Barbara,USA,,,3. Januar 2017,,,
Johnny Bigmouth,v4,F,Lizard's Mouth,Santa Barbara,USA,,,3. Januar 2017,,,
Call Me,v4,F,Lizard's Mouth,Santa Barbara,USA,,,3. Januar 2017,,,
Panic in the Streets,v3,F,Lizard's Mouth,Santa Barbara,USA,,,3. Januar 2017,,,
Meilee,v3,F,Lizard's Mouth,Santa Barbara,USA,,der letzte Boulder am langen 100 Punkte Tag. Exhausted!!,3. Januar 2017,,,
"Shaken, not stirred",v3,F,Lizard's Mouth,Santa Barbara,USA,,,3. Januar 2017,,,
Marsh of the Pigs,v11,,Sacreds,Bishop,USA,,"hartes Dropknee mit links. Mit links bis zu guter Leiste, dann rechts zu Leistenzange zurück greifen. Toehook an gutem Untergriff und links Heel-Toe Cam. Rechts zu gutem Loch greifen, links Untergriffblock. Toehook langsam kommen lassen und Füße kommen lassen. Nicht dabben. Füße rüber schwingen und dann ist es vorbei",,X,,
The Wave,v7,F,Sacreds,Bishop,USA,,,12. Januar 2017,,,
Number 6,v6,,Sacreds,Bishop,USA,,,,X,,
Acid Wash,v10,,Happys,Bishop,USA,,"am Ende des Tages, super erfolgreich!",11. Januar 2017,,,
Acid Wash Right,v9,,Happys,Bishop,USA,,nass,13. Januar 2017,,,
Dancing the Night away,v9,,Happys,Bishop,USA,,"soft, one move",13. Januar 2017,,,
Therapy,v8,F,Happys,Bishop,USA,,einer der härtesten Flashs! Mega geiler Tag,11. Januar 2017,,,
Disco Diva,v8,,Happys,Bishop,USA,,,11. Januar 2017,,,
The Hulk,v6,F,Happys,Bishop,USA,,,11. Januar 2017,,,
Mr. Witty,v6,,Happys,Bishop,USA,,,11. Januar 2017,,,
The Solarium,v4,,Happys,Bishop,USA,,,11. Januar 2017,,,
Heavenly Path,v1,F,Happys,Bishop,USA,,,11. Januar 2017,,,
Celestial Way,v0-,F,Happys,Bishop,USA,,,11. Januar 2017,,,
Stained Glass,v10,,Buttermilks,Bishop,USA,,"3 Go´s pro Tag, dann ist die Haut durch. Wahnsinnig scharf und weiter Dyno",,X,,
Soul Slinger,v9,,Buttermilks,Bishop,USA,,am Ende des Tages im Dunkeln versucht bei miiiinusgraden nach einem unglaubich geilen Schneeschipptag,15. Januar 2017,,,
Moonraker,v8,,Buttermilks,Bishop,USA,,"gut und als aller erstes trocken, Füße kommen lassen ist die Grux",14. Januar 2017,,,
High Planes Drifter,v7,,Buttermilks,Bishop,USA,,to the lip,15. Januar 2017,,,Die beeindruckensten Linien der Welt – ohne Zweifel
Go Granny Go Right,v5,,Buttermilks,Bishop,USA,,,15. Januar 2017,,,
Go Granny Go,v5,,Buttermilks,Bishop,USA,,hard!! Ende des 5 tägigen Dauerbishopknüppelns,15. Januar 2017,,,
Good morning sunshine,v1,F,Buttermilks,Bishop,USA,,,15. Januar 2017,,,
Sunshine Slab,v1,F,Buttermilks,Bishop,USA,,down und upclimb,,,,
Ultraviolet,7B,,Cetaceos,El Escorial,Spain,,schwer!,,X,,
El Labio,7A,,Cetaceos,El Escorial,Spain,,,14.06.18,,,
No. 7,6C+,,Cetaceos,El Escorial,Spain,,,14.06.18,,,
Simon Life,6C,F,Cetaceos,El Escorial,Spain,,,14.06.18,,,
Cuadradito,7B,,Torrelodones,Torrelodones,Spain,,fett schwer,05.07.18,,,
El Autista,7B,,Torrelodones,Torrelodones,Spain,,krasser Dyno,,X,,
El gato cósmico,,,Torrelodones,Torrelodones,Spain,,,05.07.18,,,
A lot of easy stuff in 6th grade,,,Torrelodones,Torrelodones,Spain,,,05.07.18,,,
viele Boulder bis 7A,7A,,Zarzalejo,Zarzalejo,Spain,,,Juni 2018,,,
Viola's Heart,7A,,Hillside Dams,Bulawayo,Zimbabwe,FA,,2018-08-10,,,
The First Face,7A,,Hillside Dams,Bulawayo,Zimbabwe,,FA von Marcel Dippon,2018-08-10,,,
Cabbage,7A,,Hillside Dams,Bulawayo,Zimbabwe,,FA von Jens Rohlff,2018-08-10,,,
Life is a Peach,6C,,Big Cave Camp,Bulawayo,Zimbabwe,,"Highball von Dan Bates, RIESIG, 3. Begehung",2018-08-15,,3,
The Waterhole,V1,F,Waterhole Area,Chimanimani,Zimbabwe,,,2018-08-17,,,
Fleeting Glimpse,V3,,Waterhole Area,Chimanimani,Zimbabwe,,,2018-08-17,,,
Fires in the Dark,V4,F,Waterhole Area,Chimanimani,Zimbabwe,FA,"About 30m uphill from the Waterhole Boulder, little cave, sd on rail and move to undercling and up.",2018-08-17,,,
Migrane,V3,F,Waterhole Area,Chimanimani,Zimbabwe,,FA by David Hustadt,2018-08-17,,,
Jumbo Mumbo,V7,,Alien Safari,Chimanimani,Zimbabwe,,2. ascent?,2018-08-17,,3,
Easy Peasy,V0,F,Alien Safari,Chimanimani,Zimbabwe,,Funny chimney,2018-08-17,,,
Carnal Tunnel Syndrome,V3,F,Waterhole Area,Chimanimani,Zimbabwe,,Roof climb at the Masasa Boulder,2018-08-17,,,
Mental Warm Up,V3,F,Final Approach,Chimanimani,Zimbabwe,,,2018-08-17,,2,
Chimanimani Mania,V8,,Final Approach,Chimanimani,Zimbabwe,,,2018-08-17,,2,
Boomerang,V5,F,Final Approach,Chimanimani,Zimbabwe,,One of the best Highballs ever,2018-08-17,,3,
A Long Way Gone,V5/6,F,Desolation Valley,Chimanimani,Zimbabwe,,,2018-08-18,,2,
Sparks and Speckles,V4,,Desolation Valley,Chimanimani,Zimbabwe,FA,,2018-08-18,,,
V4 Dyno,V4,,Desolation Valley,Chimanimani,Zimbabwe,,,2018-08-19,,,
Kalypso,7A+,,Desolation Valley,Chimanimani,Zimbabwe,,FA von Marcel Dippon,2018-08-19,,3,
Unnamed,7A,F,Desolation Valley,Chimanimani,Zimbabwe,,FA by Dan Bates,2018-08-19,,,
Botcha Town,V1,F,Desolation Valley,Chimanimani,Zimbabwe,,,2018-08-19,,,
Unnamed,V3/4,F,Desolation Valley,Chimanimani,Zimbabwe,,prow next to Botcha Town,2018-08-19,,,
Hot Rods,V0,F,Desolation Valley,Chimanimani,Zimbabwe,FA,,2018-08-19,,,
The Devil in I,7A,,Desolation Valley,Chimanimani,Zimbabwe,FA,,2018-08-19,,2,
Flash Gordon,6C+,,Desolation Valley,Chimanimani,Zimbabwe,FA,,2018-08-19,,,
Zim Chicken,6C+,,Desolation Valley,Chimanimani,Zimbabwe,,2. ascent,2018-08-19,,2,
Hektors Reise,V0,F,Desolation Valley,Chimanimani,Zimbabwe,,"FA by Patrick Gebert, slab at PO Boulder",2018-08-19,,2,
Das Parfüm,V0,F,Desolation Valley,Chimanimani,Zimbabwe,FA,"PO Boulder, left side if you stand in front of slab",2018-08-19,,,
Der Schwarm,V0,F,Desolation Valley,Chimanimani,Zimbabwe,FA,PO Boulder backside,2018-08-19,,,
Blue Lagoon,6A,F,Norf Hill,Chimanimani,Zimbabwe,,FA by Patrick Gebert,2018-08-20,,,
Loosing Sight,6B,F,Norf Hill,Chimanimani,Zimbabwe,,FA by David Hustadt,2018-08-20,,1,
Marble,V1,F,Norf Hill,Chimanimani,Zimbabwe,FA,"marble looking block, dirty topout",2018-08-20,,,
Little Astronomer,V1,F,Norf Hill,Chimanimani,Zimbabwe,FA,at the Still Waiting Block,2018-08-20,,,
When Legends Rise,7A,F,Norf Hill,Chimanimani,Zimbabwe,,"FA by Marcel Dippon, rather defined",2018-08-20,,,
Little Astronaut,7A,F,Norf Hill,Chimanimani,Zimbabwe,,"FA by Patrick Gebert, very cool Highball",2018-08-20,,2,
Loosing My Life,7A+,,Norf Hill,Chimanimani,Zimbabwe,,FA by Marcel Dippon,2018-08-20,,1,
Ski Track,6A,F,Eden,Chimanimani,Zimbabwe,,"FA by Jakob Jorda, on the Intersection Rock, cool climb on big holes",2018-08-22,,1,
Pumuckel,6A+,,Eden,Chimanimani,Zimbabwe,FA,medium coolness after I found a big hidden jug,2018-08-22,,,
Knilch,7B,,Eden,Chimanimani,Zimbabwe,,"FA by Jens Rohloff, hard, cool prow",2018-08-22,,2,
Ketchup to Soil,6C+,F,Eden,Chimanimani,Zimbabwe,FA,start on obvious cripms,2018-08-22,,,
House of Clay,7A,,Eden,Chimanimani,Zimbabwe,FA,SS: left hand in crack and right on slopy undercling,2018-08-22,,1,
No Giraffes in Chimanimani,7C/+,,Eden,Chimanimani,Zimbabwe,FA,"7C/+, one hard move with cool slopy topout (~7A+)",2018-08-22,,3,
Don't Call me Chicken,6C+,,Eden,Chimanimani,Zimbabwe,FA,Sketchy Highball with mantle crux,2018-08-22,,2,
The Black Rhino,7B,F,Evil Eye,Chimanimani,Zimbabwe,,"FA by Marcel Dippon, 2. ascent",2018-08-23,,1,
Great Spirit,7B+,,Evil Eye,Chimanimani,Zimbabwe,,FA by Marcel Dippon,2018-08-23,,,
The Calling,7C,,Evil Eye,Chimanimani,Zimbabwe,,"FA by Marcel Dippon, feet forward",2018-08-23,,,
Die Gelbe Fratze,7A+,,Evil Eye,Chimanimani,Zimbabwe,,FA by David Hustadt,2018-08-23,,,
Chimanimono,6C+,F,Evil Eye,Chimanimani,Zimbabwe,,FA by Matti Kalenberg,2018-08-23,,,
Abdominales Friederikae,6C,F,Final Approach,Chimanimani,Zimbabwe,FA,sehr fotogener Block,2018-08-23,,3,
Payback,6C,F,Final Approach,Chimanimani,Zimbabwe,,"FA by David Hustadt, 2. ascent",2018-08-23,,,
The Hideaway Sit,7C,,Pita,Chimanimani,Zimbabwe,FA,"die beste Höhle Chimanimanis, found by Dan Bates",2018-08-24,,3,
"Start Big, End Big",7C,,Pita,Chimanimani,Zimbabwe,FA,"schmerzhafte Löcher, dachte es wäre schwerer aber die anderen Boys habens schnell gemacht",2018-08-24,,1,
The Lookout Tower,V4,,Pita,Chimanimani,Zimbabwe,,FA by Dan Bates,2018-08-24,,,
The Smile,V5,F,Hut Area,Chimanimani,Zimbabwe,soft,,2018-08-25,,2,
The Fake Smile,V6,,Hut Area,Chimanimani,Zimbabwe,hard,,2018-08-25,,,
Lucky Star,V5,,Hut Area,Chimanimani,Zimbabwe,,,2018-08-25,,2,
One Move Wonder,V5,,Hut Area,Chimanimani,Zimbabwe,,,2018-08-25,,,
One Move Blonder,V6,,Hut Area,Chimanimani,Zimbabwe,,,2018-08-25,,,
World Trade Center,,,Waterhole Area,Chimanimani,Zimbabwe,,Mit 4 Stockwerken die blanke Fläche hoch,2018-08-25,,3,
Ronroneo,7B,,Laboratorio Inferior,La Pedriza,Spanien,,,,,,
El viajero,7C+,,Laboratorio Inferior,La Pedriza,Spanien,soft,"soft, ein paar Versuche, cooles Gecrimpe, my style",2018-10-07,,2,
Dynamita Jump,7B/+,,Laboratorio Inferior,La Pedriza,Spanien,,fieser Mantle!,2018-10-07,,,
El aprendiz de mago,6C+,,Laboratorio Inferior,La Pedriza,Spanien,,,2018-10-07,,,
El filo de buda,7A,,Laboratorio Inferior,La Pedriza,Spanien,,,2018-10-07,,,
El Cuervo Sit,7B+,F,Tamajon,Tamajon,Spanien,soft,,2018-10-20,,,
El método,7C,F,Tamajon,Tamajon,Spanien,soft,,2018-10-20,,2,
Looking for Judas,7C,,Tamajon,Tamajon,Spanien,soft,Gerade noch so. Kranker Tag,2018-10-20,,,
El cencantor de conejos,8A,2.Go,Tamajon,Tamajon,Spanien,soft,Viel mehr sehr leicht. Ziemlich fitter Tag mit Kike,2018-10-20,,2,
La Grima,6C,,Arrastradero,Albarracin,Spanien,hard,,2018-10-25,,1,
Esperanza De Pie,6C+,,Arrastradero,Albarracin,Spanien,,,2018-10-25,,,
Techo de Menos,6C,F,Arrastradero,Albarracin,Spanien,,,2018-10-25,,,
Techo de Menos derecha,7A,F,Arrastradero,Albarracin,Spanien,,,2018-10-25,,,
Tonico efervescente,6C,F,Arrastradero,Albarracin,Spanien,,,2018-10-25,,,
Trave de los planos,7B,,Techos,Albarracin,Spanien,,,2018-10-26,,,
Ben Zona,7B+,,Techos,Albarracin,Spanien,soft,,2018-10-26,,,
Rude Man,7B+,,Techos,Albarracin,Spanien,hard,sehr schwerer erster Zug!,2018-10-26,,2,
26B,6C,F,La Fuente,Albarracin,Spanien,,,2018-10-26,,1,
El Ovni,7A,F,La Fuente,Albarracin,Spanien,,,2018-10-27,,,
La Fuente,7C,F,La Fuente,Albarracin,Spanien,,Geiler Boulder. Cool ihn geflasht zu haben,2018-10-27,,3,
Fight Club,7B+,,La Fuente,Albarracin,Spanien,,,2018-10-27,,2,
El Redil,6C,F,Entreaguas,Albarracin,Spanien,,Spitzen Dachkletterei,2018-10-27,,3,
Variante del Redil,7A,,Entreaguas,Albarracin,Spanien,,ziemlich definiert,2018-10-27,,,
El Jirafa,7B,,Entreaguas,Albarracin,Spanien,,auch ziemlich definiert,2018-10-27,,,
Rasante pal Mutante,7A+,,Entreaguas,Albarracin,Spanien,,geiler Mantle!,2018-10-27,,3,
Guarrana,6B+,F,Entreaguas,Albarracin,Spanien,,,2018-10-27,,,
Zarzamora,7C,,Parking,Albarracin,Spanien,,"cool, nicht so schwer",2018-10-28,,2,
6A,6B,F,Parking,Albarracin,Spanien,,,2018-10-28,,,
La Letrina,7A+,F,Parking,Albarracin,Spanien,soft,,2018-10-28,,,
Zooruyo,7A,F,Parking,Albarracin,Spanien,soft,,2018-10-28,,,
Aerolineas,7B,F,Parking,Albarracin,Spanien,,sluuuuper!,2018-10-28,,3,
Jungle Book Stand,7C+,,Champagne,Cesciano,Schweiz,hard,,2019-01-02,,3,"02/2016 dagewesen und Klassiker wie Freak Brothers, Miss Schweiz, Le pilier, La pelle, Jungle etc. Probiert"
Hannibal Lecter,7B+,,Champagne,Cesciano,Schweiz,,,2019-01-03,,2,
Frank's Wild Years,8A,,Filo Sbalzo,Cesciano,Schweiz,hard,"mit Ausstieg, 1 Tag, eine Session. Züge haben sich ziemlich hart angefühlt, irgendwann habe ich dann Beta gefunden mit links in einen näheren Seitgriff mit einem desperate Jump in die Henkelleiste, ziemlich rausgefightet, weil ich die Henkelleiste nur mit 2 Fingern bekommen habe. Super coole Session",2023-12-29,,2,
La Grotte des Soupirs,7C/+,,Filo Sbalzo,Cesciano,Schweiz,,sehr groessenabhaengig!,2018-12-31,,2,
Bergsteigerkante,7A+,,,Cesciano,Schweiz,hard,"mit Leon, super coole, technische Kantenkletterei",2023-12-29,,3,
Fat Boy,7C+,,Nivo Bassa,Chironico,Schweiz,soft,,2019-01-02,,1,
Call of Duty,7C/+,,Nivo Bassa,Chironico,Schweiz,,Mies den Arsch versohlt (im Flash mit der linken Backe auf einen Stein gefallen),,X,,
Made in Ticino,7C,,Nivo Bassa,Chironico,Schweiz,,,,X,,
Slimeline,7C,,Nivo Bassa,Chironico,Schweiz,,,2022-12-31,,3,
Kristallpalast,7B,2. Go,Nivo Bassa,Chironico,Schweiz,,,2022-12-28,,,
Made in Norway,7B,F,Nivo Bassa,Chironico,Schweiz,,,2022-12-28,,2,
Casual Boulder,6C+,F,Nivo Bassa,Chironico,Schweiz,,,2022-12-28,,,
Sveltina,6B+,F,Nivo Bassa,Chironico,Schweiz,,,2022-12-31,,1,
Putzfrau,6B+,F,Nivo Bassa,Chironico,Schweiz,,,2022-12-31,,,
La Virto dei Forti,6B+,F,Nivo Bassa,Chironico,Schweiz,,,2022-12-28,,,
Ciccio Bomba,6A+,F,Nivo Bassa,Chironico,Schweiz,,,2022-12-28,,,
Svetlana,6A+,F,Nivo Bassa,Chironico,Schweiz,,,2022-12-31,,,
Freak Brothers,8A/+,,Freak Brothers,Chironico,Schweiz,,"Mega geiler Boulder. Lol, mit dem alten Tenaya Schlappen von Flo hat der Hook richtig gut gehalten. Danach haben's auch Paul und David mit dem Schuh gemacht :-) Triple Ascent, geil! Versuche über 3 Tage verteilt",2023-01-04,,3,
Tomahawk,7B,F,Freak Brothers,Chironico,Schweiz,,Sitzstart,2023-01-01,,3,
Expolama,6B/+,F,Freak Brothers,Chironico,Schweiz,,,2023-01-01,,3,
No landing,6A+,F,Freak Brothers,Chironico,Schweiz,,,2023-01-01,,,
Die Roboter,6A,F,Freak Brothers,Chironico,Schweiz,,,2023-01-01,,,
Sfigolo,3+,F,Freak Brothers,Chironico,Schweiz,,,2023-01-01,,3,
Souvenir,8A,,Paese,Chironico,Schweiz,soft,Eliminate. Ohne den rechten Klemmhook. Gute Bewegungen aber als Eliminate hat er mir insgesamt nicht so gut gefallen.,2024-01-30,,1,
Komilator,7C,,Paese,Chironico,Schweiz,,"Ohne den Henkel, aber irgendwie unlogisch den wegzulassen",2023-01-01,,,
Smemory,7A,F,Paese,Chironico,Schweiz,,,2023-01-01,,,
Border Line,7A,,Border Line,Chironico,Schweiz,,,2023-01-01,,,
No Mystery,8A+,,Deliverance,Chironico,Schweiz,,Januar 2024 faaaaaast den ersten Zug gemacht. So knapp.,,X,,
Schwarzes Loch,7A,,Deliverance,Chironico,Schweiz,hard,,2022-12-29,,,
Miss Schweiz,8A,,Boogalagga,Chironico,Schweiz,,Traum Boulder. Verstreute Versuche über 3 Tage,2022-12-31,,3,
Walker on earth,8A,,Boogalagga,Chironico,Schweiz,,Hartes rechtes Mono,,X,,
Confession of a Crap Artist,7B+/C,,Boogalagga,Chironico,Schweiz,,Hammer! Ground up.,2022-12-31,,3,
Dr. Small,7A,,Boogalagga,Chironico,Schweiz,,,,X,,
Blue Trav's,6C,F,Boogalagga,Chironico,Schweiz,,,2023-01-04,,,
Doctor Direct,7C,,Doctor Med Dent,Chironico,Schweiz,,Hammer Tag mit 3 7Cs und einer 8A (Miss Schweiz und Confession of a Crap Artist),2022-12-31,,2,
Doctor Med Dent,7B+,,Doctor Med Dent,Chironico,Schweiz,,,2022-12-29,,,
Euro Millions,7A+,F,Doctor Med Dent,Chironico,Schweiz,,,2022-12-29,,,
Magic Grama,7A,F,Doctor Med Dent,Chironico,Schweiz,,,2022-12-29,,,
Les Vent nous Portera,8A,,Serre Moi Fort,Chironico,Schweiz,,1 day,2019-12-30,,2,
Mit Gas,6C+,F,Serre Moi Fort,Chironico,Schweiz,,Highball,2023-01-06,,2,
Serre Moi Fort,8A,,Centrale,Chironico,Schweiz,,Super guter Boulder! Erster Go nach dem Züge auschecken. Super stark gefühlt und voll mein Style. Richtig cool an Tag 3 und letztem Bouldertag des Kurztrips nach Doktorarbeitsabgabe. Flowy :-)))),2024-01-31,,3,
Lemon Tree,6C+,,Centrale,Chironico,Schweiz,hard,,2019-12-30,,3,
Just Toe It,7A+,,Atlantis,Brione,Swiss,,,2024-01-01,,,
Amber,8A+/8B,,Brionesque/Amber,Brione,Swiss,,Januar 2024 für 1 1/2 Tage versucht. Der erste Zug bereitet mir Schwierigkeiten – der Rest fühlt sich gut an. Oben mit Double Dyno :-),,X,3,
La Brionesque,8A,,Brionesque/Amber,Brione,Swiss,,Mit David back-to-back :-) Mega! Echt physisch und ziemlich anstrengend. Danach noch Pampelmousse gemacht.,2023-01-04,,3,
Oblivion,7A,F,Brionesque/Amber,Brione,Swiss,,,2024-01-29,,2,
Learn to park,6B+,F,Brionesque/Amber,Brione,Swiss,,guter Aufwärmboulder,2024-01-29,,2,
Zanconia,5,F,Brionesque/Amber,Brione,Swiss,,,2024-01-29,,1,
Pampelmousse,7C+,,Pampelmousse,Brione,Swiss,,"Zusammen mit La Brionesque an einem Tag. Züge gingen echt schnell, aber dann bin ich einmal am letzten Sprung gefallen und dann nicht mehr durch die Crux gekommen. Im ""letzten Go"" dann doch noch durchgefighted. Super cool!",2023-01-04,,,
Jumping Jack,7B+,,Pampelmousse,Brione,Swiss,,Hüpferli,2023-12-30,,2,
Dosage Left,7A,F,Pampelmousse,Brione,Swiss,,,2024-01-01,,1,
Dosage Jump,6C+,F,Pampelmousse,Brione,Swiss,,,2024-01-01,,3,
Big Brother,6C+,F,Pampelmousse,Brione,Swiss,,,2023-12-30,,3,
Flash Flood,8B,,Frogger,Brione,Swiss,,"Brutal! Krasser Cruxzug. Erst dachte ich das könnte vielleicht gehen, aber dieser Cruxzug ist verdammt schwer und hautschrottend. Jan 2024 war mir das zu schwer.",,X,,
Frogger,8A,,Frogger,Brione,Swiss,soft,1A Premium Boulder. So krasse Shapes! Ging recht schnell mit guter Beta von einem Mitboulderer. Klemmhooks wtf.,2024-01-27,,3,
Black Pearl,7C+,,Black Pearl,Brione,Swiss,,,2023-12-30,,,
Geyser Sound,7C,,Black Pearl,Brione,Swiss,,"8A im Topo, aber mit neuer Beta wohl leichter",2023-12-30,,,
Entwash,8A,,Ganne,Brione,Swiss,,"Eine Session. Züge gingen echt schnell, aber den Pogo von unten zu sticken hat bisschen gedauert.",2024-01-02,,,
Manson,8A,,Ganne,Brione,Swiss,,,,X,,
Wie im Urlaub,7C+,,Ganne,Brione,Swiss,,"Übelst gut! Fande ich nicht so leicht, 2 sessions",2023-01-07,,3,
Entino,7C,,Ganne,Brione,Swiss,,"Cooler Double Dyno, allerdings habe ich mit Links an der Zange angefangen (rechts: Untergriff). Ich glaube Original startet es mit der linken Hand noch ein Griff weiter unten? Ist nicht ganz klar aus dem Führer aber laut G. Cameronis Kommentar auf 8a.nu ""horizontal crimp"" Naja, hat Spaß gemacht :). ",2024-01-26,,2,
Darkness Right,7C,,Ganne,Brione,Swiss,,Pogo Bein :-) ,2023-12-28,,2,
Bach Bloc,7B+,,Ganne,Brione,Swiss,,hard,2023-12-30,,3,
Sonnenanbeter,7B+,,Ganne,Brione,Swiss,,"2. Go, leider im Mantle beim Flash gefallen",2023-12-28,,2,
Lato B,7B,,Ganne,Brione,Swiss,hard,"Brutal hart, hat mich einiges an Saft gekostet.",2024-01-26,,2,
La Polka,7B,F,Ganne,Brione,Swiss,,gut flashbarer Boulder,2024-01-26,,,
Randy's Slab,7B,,Ganne,Brione,Swiss,,"Voll auf den Sack bekommen. David: ""Ich habe dich selten so versagen sehen!"", lol",,X,3,
Picnic Boulder,7B,F,Ganne,Brione,Swiss,soft,,2023-12-28,,,
Fisher Traverse,7B,,Ganne,Brione,Swiss,,,2023-12-30,,3,
There is no spoon,7A+,,Ganne,Brione,Swiss,hard,Einige Anläufe... :-D,2023-01-05,,3,
Green Point Trav's,7A,F,Ganne,Brione,Swiss,,,2023-01-07,,3,
Chocolate Horse,7A,,Ganne,Brione,Swiss,,,2023-12-30,,2,
Capolungo,7A,,Ganne,Brione,Swiss,hard,,2024-01-26,,3,
Stone Fisher,7A,F,Ganne,Brione,Swiss,,,2023-12-30,,3,
La manovra,6C,F,Ganne,Brione,Swiss,,Nicht-triviales Top-out,2024-01-26,,2,
Tam-Tam,6B+,F,Ganne,Brione,Swiss,,,2023-01-07,,3,
La Piattosa,6B,F,Ganne,Brione,Swiss,,,2024-01-26,,2,
Passato mai stufato,6A+,F,Ganne,Brione,Swiss,hard,,2023-01-07,,,
King Slab,6A+,F,Ganne,Brione,Swiss,,,2023-01-05,,,
Capitan V,4+,F,Ganne,Brione,Swiss,,,2023-01-07,,3,
Special Edition,7C+,,Limited Edition,Brione,Swiss,soft,Super gut! Dritter 7C+ Boulder an einem Tag.,2023-01-07,,3,
Black Arête,7C,,Pieè,Brione,Swiss,soft,"Cooler Highball, weniger scary als man denkt",2023-01-05,,,
Mister Orange,7A+,,Pieè,Brione,Swiss,,ganz coole Shapes aber die Location macht es nicht soooo lohnend...,2024-01-27,,1,
Idroman,4,F,Pieè,Brione,Swiss,,,2024-01-27,,3,
Molonk Left,7C+,,Molonk,Brione,Swiss,,Harter Zug an die Lippe über linken Hook,2023-01-07,,2,
Molonk,7C,,Molonk,Brione,Swiss,,"Leider kein Flash, aber meeega nice!",2023-01-05,,3,
Right of Molonk,7A+,F,Molonk,Brione,Swiss,,,2023-01-07,,3,
Big 8,7C,F,Pianesc,Brione,Swiss,,"Fett, cooler Flash mit super Beta von Samuel & David",2024-01-05,,2,
9th Power,7B+/7C,F,Pianesc,Brione,Swiss,,Am Ende des Tages noch weggeflasht. Echt gut,2024-01-27,,2,
La Vela,6C,F,Pianesc,Brione,Swiss,,,2023-01-05,,3,
Black Mirror,6B+,F,Pianesc,Brione,Swiss,,"mega Highball. Cooler Flash nach Leon. Nicht so wild, wie es aussieht.",2024-01-05,,3,
Brione Arête,6B,F,Pianesc,Brione,Swiss,soft,,2023-01-05,,3,
Enjoy and Respect,7C,,Salamandre,Brione,Swiss,soft,"Geht gut mit rechtem hohem Fuß. Echt gut, hätte auch geflasht werden können.",2024-01-05,,2,
The Peanut,V6,,Horseflats,Los Angeles,USA,,,,X,2,
B1 Traverse,V5,,Horseflats,Los Angeles,USA,,,2022-02-15,,,
Zack's Roof,V5,,Horseflats,Los Angeles,USA,,,2022-02-15,,,
The Fang Extension,V5,F,Horseflats,Los Angeles,USA,,,2022-02-15,,2,
right of The Peanut,V4,,Horseflats,Los Angeles,USA,,,2022-02-15,,,
Snot Here aka Powerglide,V6,,Stoney Point,Los Angeles,USA,,,2022-03-13,,,
Apesma Left,V5,,Stoney Point,Los Angeles,USA,,,2022-03-13,,,
Crowd Pleaser,V4,,Stoney Point,Los Angeles,USA,,stupidity prevented the flash,2022-03-13,,2,
Bootflake Direct,V4,,Stoney Point,Los Angeles,USA,,flash of upper part,2022-03-13,,3,
Leaping Lizard,V4,,Stoney Point,Los Angeles,USA,,,2022-03-13,,,
Three Pigs,V3,F,Stoney Point,Los Angeles,USA,,,2022-03-13,,,
The Crack,V3,,Stoney Point,Los Angeles,USA,,,2022-03-13,,,
Bootflake,V3,F,Stoney Point,Los Angeles,USA,,,2022-03-13,,,
Slime,V3,F,Stoney Point,Los Angeles,USA,,,2022-03-13,,,
Yano Roof,V3,F,Stoney Point,Los Angeles,USA,,,2022-03-13,,,
Chimney,VB,F,Stoney Point,Los Angeles,USA,,,2022-03-13,,,
Fotowa,V9,F,Great Barrington,Great Barrington,USA,,,2024-03-30,,3,
The Bump,V8,F,Great Barrington,Great Barrington,USA,,,2024-03-30,,,
Big Big Love,V8,F,Great Barrington,Great Barrington,USA,,,2024-03-30,,2,
K-Why Dyno,V7,F,Great Barrington,Great Barrington,USA,,,2024-03-30,,,
Snooze Button,V5,F,Great Barrington,Great Barrington,USA,,,2024-03-30,,3,
Spack,V4,F,Great Barrington,Great Barrington,USA,,,2024-03-30,,,
Crystal Methods,V4,F,Great Barrington,Great Barrington,USA,,,2024-03-30,,,
Scary Mantelo,V2,F,Great Barrington,Great Barrington,USA,,,2024-03-30,,,
Y2K9,V10,,Y2K9 Roof,Hideaway,USA,hard,No Gimme,2024-05-12,,2,
Tips Away,V7,F,Millenium Boulder,Hideaway,USA,hard,,2024-05-04,,,
For the Rest of Us,V5,F,Millenium Boulder,Hideaway,USA,,,2024-05-04,,,
Stereogram,V10,,Farley,Farley,USA,,Quick work. Great boulder.,2025-01-04,,3,
Babies with Rabies,V10,,Farley,Farley,USA,,,,X,3,
Techtonic Arete,V7,F,Farley,Farley,USA,,,2025-01-04,,2,
Confidence Man,V11,,Boulder Natural,Pawtuckaway,USA,,Tried with Jeff for one very cold session in January '25. Hard first move. Cool crimp testpiece.,,X,3,
Mothra Steward,V8,,Boulder Natural,Pawtuckaway,USA,soft,Bummed to have blown the flash. 2. Go. Great boulder,2025-01-05,,3,
Ride the Lightning,V6,F,Boulder Natural,Pawtuckaway,USA,,Cool team ascent with Jeff at the end of a very cold day,2025-01-05,,3,
Hobbit Hole,V3,F,Boulder Natural,Pawtuckaway,USA,,some shenanigans to warm up,2025-01-05,,2,
