name,grade,ernsthaftigkeit/bigwall grade,style,crag,area,country,shortnote,notes,date,project,stars,cragnote,pitches,length
Serenity Crack,5.10d,,o.s.,Royal Arches,Yosemite,USA,,,2016-11-01,,3,,,
Sons of Yesterday,5.10b,,o.s.,Royal Arches,Yosemite,USA,,,2016-11-01,,3,,,
Royal Arches,5.10b,,,Royal Arches,Yosemite,USA,,second go in Crux Slab (Fuß gerutscht). Simul-klettern mit ultra langsamem Kush in ~6h,2016-11-01,,3,,,
Super Slide,5.9,,o.s.,Royal Arches,Yosemite,USA,,"Started on the offwidth ""Trial by Fire"" (5.8). First route in Yosemite in 2022 with Tommy and Matthias. FUN!",2022-04-27,,2,,"5.8,5.6,(5.7),(5.7),(5.8),(5.9)",150
Penelope´s Problem,5.7,,o.s.,Swan Slabs,Yosemite,USA,,"3 pitches easy climbing, anchors at trees, super start for the Valley",2016-11-01,,,,,
The Nose,5.8 C2,VI,,El Capitan,Yosemite,USA,,"8.4.-10.4.18: Nachdem Freerider nass war haben wir uns entschieden die Nose zu versuchen. Wir hatten nur wenig Zeit, da ein massiver Regensturm erst das Valley überschwemmt hat, woraufhin wir evakuiert wurden und 2 1/2 Tage später war ein weiterer Schauer gemeldet. Start 8.4. um 14.30, 1. Bivy auf Dolt Tower, dann bis Camp 6 an Tag 2 doch zu nass zum bivakieren. Bivak in gruseligem, abschüssigen Camp 5, dann bis zum Top. Changing Corners und The Great Roof komplett nass. Wild! Erste Bigwall! 47 1/2h",2018-04-10,,3,,,950
Freerider,5.13a,VI,,El Capitan,Yosemite,USA,,"Yeeeaaahh! So much work for this one. Tried it 2016 with Adam for ~4 days climbing up to the Boulder problem (sent 2nd Go with beta from Alex Honnold himself). Monster felt impossible at that point (toprope). Then came back with Jakob in 2018 but Freerider was wet and we did The Nose... Climbed ground-up with Tommy and Matthias in May 2022 in 4 days, very exhausting and hard work without sent. The Enduro Corner really is the crux and I could only aid the second one. Mentally exhausted on the upper pitches.
Tried again with Matthias 1 week later (May 16-20 2022). Pre-hauled to Lung Ledge. Everything felt so much easier, we had the hauling systems down and knew where to go. Led all pitches 5.11 and harder including P1-3, Slab, Downclimb, Move, Hollow Flake, Ear, Monster, pitch off the Spire, Boulder Problem, Enduro Corners P1+2, Round Table, the pitch after the Round Table, and Scotty Burk Finger Crack. It's a team ascent :-) So stoked! Freeblast went down very well. The Monster felt so good to lead and Boulder Problem went down 1st go, which was a huge relieve. Enduro Corner P1 felt very solid after bouldering through it once. The second Enduro Corner felt much harder and more insecure to protect. Clipping the anchors (1st go after 2x bouldering through it) felt OUTRAGEOUS! I was so pumped and my nerves were shredded. It was almost too intense to keep it together and I could only scream it out, put in a final piece and run it out to the anchors (~4m). Such a surreal and emotional moment, one of the most intense moments I've had. I knew that it was the redpoint crux and so much self-made pressure fell off. 
Freerider felt like an ultimate project to test if I was a solid rock climber – and one really has to be one to get up this beast, I think. Slab, crack, chimney, endurance, bouldering, crimp strength, offwidth, mental strength, exposure, logistics, jumaring, hauling, rope management, you got to know it all!!! 5 days in total: Bivies at Hollow Flake Ledge, El Cap Spire, Sous Le Toit, Round Table. I spent more than 15 days on this route I reckon. Big wall climbing really is work but so rewarding afterwards.

Freeblast Rack: 2 ea #.3-3, 1 #4 (first pitch, can be omitted with a little runout), Offset nuts small, big
Freerider Rack: Offset nuts 1ea, Cams 2ea #.1-3, 1-2ea #4-6 (#6 is inevitable), 1-2ea offset cams, 1ea #.5-1 optional
Pitch 1: climb 70m to anchor below roof. A 60m rope is not enough from the ground and the follower has to solo onto the first ledge (and potentially pull up the haul bag while the leader hangs ~5m before the anchor).
Pitch 2+3: link, beware of rope drag if linked, can unclip the placement at the roof and extend the pieces in the flared chimney
Pitch 4: Little bit scary at pinscar crack (Offset nuts, green cam at roof), bolt traverse is hard on the feet, avoid doing it in the sun! Climb to the right of the bolts at the crux (3rd last bolt). Skip second last bolt on slab (hard to clip).
Pitch 5: Okay slab. Difficult at tiny roofy thing (where the piton is)
Pitch 6: Wild but easy.
Pitch 7 Half Dollar: Awkward to get into half dollar but good pro (can apparently link P5+6 with 70m rope)
Half Dollar roof: 3 pitons, one fixed nut, (blue DMM Offset nut) and #1 just before corner, can also place a lot of different pro.
Pitch 8: 250 feet: best simul climb to leftest belay on Mammoth Terraces if no haulbag
Pitch 9: Downclimb is awkward but okay, maybe with microtraxion or stack extra rope there (haul line when you pre-haul stuff to Heart ledges) so both can toprope but placing gear and then back-leading is okay.
Pitch 10: one hard move directly at bolt: take good low left hand crimp, right hand on small 2 finger crimp, smear left foot on wall, right foot on little edge, left hand to small crimper and throw up right hand to good edge. Rest is easy. Can simulclimb 4th class climbing past Lung Ledge to belay of Hollow Flake. With haulbags this is very cumbersome and one should take the first belay before Lung Ledge to haul.
Pitch 11: Hollow Flake: Superb, long pitch! You need dummy runner, one quick-draw and one #6 or bigger if possible (which is kind of crazy for a ~70m pitch). This pitch can be scary. Cross after anchor to the left above the anchor, then start downclimbing. Hard move to crack system right below the bolt (left hand crimp and then ""fall"" into jug at feet). Downclimb very long (get's hard in between when finger crack becomes tips, then easier again. Don't struggle here! You're on toprope. Pass to Hollow Flake very low at obvious ledge, ""just"" walk left. Layback first half of Hollow Flake (so good!) until you're at height of belay. Then rob into the crack and slide #6 with you (""riding the edge""). Leave it at some point before crack widens too much. Then levitation technique: Heel-toe cam with both feet and move up. ~20m runout. Haul at the left anchor, belay at the right. Leader should rappel to get the #6 out, otherwise huge pendulum risk for follower.
Good bivy for 2 at Hollow Flay Ledge (not in guide), good end for first day on the push
You can easily rappel from The Ear to Heart Ledges and then rap fixed ropes. Ascending fixed ropes takes ~30min.
Pitch 12: chimney, right side in, face the valley, don't go too far in, stay outside, run it out for ~7m until some small cams can be placed, can link two pitches (60m rope stretcher, haulbags should be all the way to the left of the HF Ledge), need some big gear for upper part. Should clip 120cm sling into haulline at mid anchor such that the haulbag doesn't get stuck at roof far out left.
Pitch 13: Really, really good!
Pitch 14: The Ear: place #1 at beginning crux (hard laybacking). Jugs higher up but hard to go around corner, there is a hidden crimp 10cm left of slopy corner
Chimney: don't place #5 at end (is dragged in), many places to put big gear (#2-4), intimidating but easy, take helmet off, otherwise you can't turn your head. Can clip bolt on right wall when one is out of the Ear such that gear is not dragged in.
Pitch 15: Monster Offwidth: EXAUSTING! Slide #6 all the way. Take #5 with you, too. Fit's at one point as well. Yellow BD C3-2 Cam/Yellow Dragonfly for upper ramp. Beta: left side in, left arm cickenwing or just cam somehow, right hand at edge, left foot heel-toe-cam with left side of left ankle at left wall, left inner knee rubs (can actually use a left kneepad), right and outer foot heel against the back wall and inner foot smearing against crack edge, use crimps to move body up, several rests during the climb, can take water with you, clip stuff to right material loop, #5 fits at the beginning of the ramp but can also be placed in the middle of the Monster once.
Pitch 16: Offwidth to Alcove: use right wall and stem, slide #6 or #5 (fit both) and place #3 at end of offwidth, chimney to El Cap Spire is ok
El Cap Spire is fantastic bivy!
Pitch 17: go right, 5.11a is easier (not in 2016 Rock Climbing Yosemite Valley Guidebook), gear is difficult to place, scary, #4 in beginning and #1 at hidden spot, upper chimney is uncomfortable (first left side in and then turn around)
Pitch 19 to the Boulder Problem belay: do right loop at half pitch (5.11) instead of 12a layback, place #.3 in beginning, #.75 and #3 at water sipping undercling, #.3 at loose flake undercling, move right on underclings and reach to hidden crimp right, move your feet right. #.5 at upper part (easy)
Pitch 20: The Boulder Problem: v3/4: when at first bolt: left hand to crimp in crack, right hand on crimp at face, left foot against smear, right foot next to it, left foot high to small chip foothold on left wall, then right hand to gaston and left hand to big undercling (good rest); now into v6/7 boulder problem: left hand crimp, right hand crimpy pinch, left foot HIGH AT SMEAR on left wall (not in crack) and right foot high up to good foothold, move right hand to sharp 3-finger crimp, stem with left hand and move left foot higher. Left hand to undercling, switch feet and clip (tiring); here it get´s funky: take undercling with thumb, left foot on smear (not in crack but on face) and match with other thumb. Go big left from the thumb to good sidepull-sloper. Right hand back to crimp and bring right foot in to match on smear, match sidepull sloper and adjust left hand to undercling. Step right foot against wall (really bad) and ninja kick left foot out. Go left to good sidepull, bring in right foot and go to good crimp, then ~5.10 to anchor (#.75).
Pitch 21: The Sewer: Often wet, lower part is okay, becomes little bit harder at roof. Watch ropedrag, it might be worth taking the mid anchor. Last move before the block is hard: Dyno from finger crack to good edge (5.10a WHAT!?)
Pitch 22: Loose Flake Pitch. Intimidating but super good. Bad pro. 
Pitch 23a: Enduro Corner Part 1: Rated at 11c this is VERY sandbagged. Begins with superb hands getting to finger locks. Can get good handjam after the crux (#1) and then bad pro to the anchor (bad #1 in pinscar). Stemming helps. Triple #.75-1 helps.
Pitch 23b: Enduro Corner Part 2: Kneebar with left foot on left wall and hands on slopy arete. The first meters off the anchor are the crux with bad pro until good fingerlock. Look for edges one left/right wall to get some rest. Run out at the top (#2), can apparently stem the last bit. Get's easier and easier towards the top.
Pitch F24: The Round Table: traverse and cross under from good handjam to sidepull with bad feet. Then use hidden hole up and left. Some fixed slings. One hardish stand-up move on underclings. Very exposed and very cool. Ropedrag and hard to hear the person at the belay.
Pitch F25: is okay. Steep hands crack becoming wider (cupped hands into fists into even a little bit double hands/shoulder in). Can place #4 and #5. Tripple .5/.75 might be good for upper part: Back to the valley and chimney up until you have the underclings. Exposed but easier to hanging belay.
Pitch 27: ~50m to go from F25 to 27 with lots of rope drag. Might be good to do mid anchor after the (very cool) finger crack or pull up the big gear although the hanging mid-belay is aweful. Offwidth is hard, better layback until ~2m above the bolt. Can place #6 and then becomes narrower, place #5 then easier with fists (#4) and hands (#3 and #2). Save a #4 for the 3D chimney on top. Step left when standing on top of the chimney to go to bolt then move higher up and then to the belay on the right. 
Pitch 28: Awesome hands. 
Pitch 29: Very awkward chminey. Really NOT 5.9!!! Need to take helmet off. This pitch is kind of annoying at the top...
Pitch 30: Real victory climbing to the top!",2022-05-20,,3,,"5.10c,5.10c,5.11b,(5.11a),(5.9),(5.10b),(5.7),5.10d,5.11c,4,5.12a,(5.10a),(5.10c),(5.10d),5.11d,5.10a,5.10a,5.11c,5.12a,5.13a,(5.10c),(5.10a),(5.10c),5.11c,5.12b,5.12a,5.11d,5.11d,(5.10d),(5.10d),(5.10d),(5.6)",1050
Dolt Run,5.11b/c C2,,,El Capitan,Yosemite,USA,,Die ersten 10SL der Nose mit Aiden an 2 Plattenstellen. Stoveleg Crack ist SO krank geil! Glory! Letzten 2 SL Faustriss waren hart,2018-03-28,,2,,,350
Freeblast,5.11b,,o.s.,El Capitan,Yosemite,USA,,"2022: Repeat with Kush, all pitches on lead
2017: 9 pitches, first bit of Freerider, onsighted all pitches",2016-11-01,,2,,,300
Steck Salathé,5.10b,V,o.s.,Sentinel,Yosemite,USA,,"Quite an adventure with Tommy and Matthias. Started at 6am and returned at 10pm. Really underestimated the length of the route. Although not graded hard all pitches are awkward climbing and no gimmes for the grade! Very long descent. I led the first 5 pitches. The crux for me was the 5.9 offwidth after the Wilson Overhang where I missed the flake to the right. So cold and windy, we were really freezing our balls off... ~10.5h climbing.",2022-04-28,,2,,,500
Astroman,5.11c,,,Washington Column,Yosemite,USA,,"Rack: X4 1ea ab #0.1 (Changing Corners), 2ea C4 .3-.75, 3ea #1-#2, 2ea #3, 1ea #4, Micronuts, Offset nuts
2022: Fett, diesmal gings echt gut! Mit Tommy und Matthias. Alles frei, Enduro Corner, die nächsten 2 und die letzte SL vorgestiegen.
2018: Mega hart. Viel, viel schwerer als The Rostrum. Noch nicht Rotpunkt, in Harding Slot gefallen leider. Sonst alle SL rotpunkt.
Beta: ersten beiden SL sind leicht. The Boulderproblem ist gar nicht so einfach aber gut machbar wenn man weiß wie es geht: Kleinen Microkeil legen vom Band aus, dann Piton klippen. Sloper mit links, doppeln und an schlechten Tritten aufstehen. Dann weit links oben Leiste im Riss, Füße hochlaufen und an Kante schnappen. Endurocorner ist MEGA anstrengend. Nicht layback klettern unten! Man braucht VIELE #1 Cams. Thin Hands mit einigen Ruhepunkten. Links die Tritte auf der Wand mitbenutzen und rechte Schulter gegen andere Seite drücken um zu ruhen. Nach ca. 10M kommt n sehr guter Rest, dann super pumpig bis in Kamin oben. Den letzten Teil muss man Layback klettern aber das ist gar nicht so schwer, da man Tritte hat. Am schwersten fand ich die passsage in den ersten guten Ruhepunkt bei ca. 10m. Dann eine kurze SL mit losem Fels dann sehr lange SL mit schlechter Absicherung und komischem Klemmriss und Layback. Dann kommt die Crux SL: Der Harding Slot. Unten leicht, dann sehr steil aber machbar einen Layback Riss bis auf kleines Plateau. Gutes Gear. Very thin hands bis zu einem guten Block im Riss. Die Schultern klemmen im Riss, deswegen kann man nicht so gut klemmen und es ist super steil. Echt schwer! Nach dem Block #1 unter den Block legen und beide Füße auf Kaminklettern: Knie gegen äußeren Fels und Fußsohlen gegen den anderen. Dann nach rechts, dort kommen Griffe. Allgemein sehr gut abzusichern. Oben sehr eng, Helm ausziehen!
Die 8. SL ist leichter. Mach die Variante rechts. Changing Corners ist MEGA! Beste Seillänge auf jeden Fall. Ziemlich lang und man braucht kleine cams (X4 .1,.2) und Micronuts. MEGA!
Dann Faustklemmerriss (Ok), eine leichte Querung. Die letzte SL ist ziemlich fies mit schlechtem Gear und Gefahr auf ein Band zu fallen. Sehr spicy! Nach der Plattenstelle unten kommt man an gute Schuppe, kann einen Keil und .4 Cam legen und dann mit links auf schlechte Sloperleiste und Hand Fuß Match. Dann hochlaufen, nicht mehr schwer und absteigen und freuen :-) Abstieg muss man kennen, aber ist nicht so wild. Nicht zu früh rechts runter abbiegen.",2018-04-05,,3,,,400
Snake Dike,5.7 R,R,o.s.,Half Dome,Yosemite,USA,,"Simul-klettern, unglaublich spaßig und tolle Szenerie, langer Hike (8h laufen, 1h klettern), Nacktbilder oben",2016-11-01,,3,,,
The Rostrum,5.11c,,F,The Rostrum,Yosemite,USA,,"Mit Kush, war mir nicht sicher ob er das packt und ich wollte eigentlich ncht gehen. Auch wegen massivem Cut im Mittelfinger. Aber viel Tape hilft viel und ich flashe/onsighte gerade so jede SL, zum Teil mit Beta von Mikey Schafer, netter Kerl. Beste Tour im Valley und sehr anhaltend!",2016-11-01,,3,,,
Commitment,5.9,,TR,Five Open Books,Yosemite,USA,,"With Kush, fun",2022-04-29,,,,,
East Buttress,5.10c,,o.s.,Middle Cathedral,Yosemite,USA,,"5 pitches with Tommy, FUN! Much easier than expected (we were kind of intimidated by the Steck-Salathe)",2022-05-12,,2,,,
Nutcracker,5.8,,o.s.,Manure Pile Buttress,Yosemite,USA,,"Die 3. SL war nass, das war ziemlich scary vorzusteigen, ansonsten mega geiler erste Yosemite Tour! Cooler Mantle in der letzten SL",2018-03-27,,,,,
After Six,5.7,,o.s.,Manure Pile Buttress,Yosemite,USA,,"Simul mit Jakob, er rennt die ganze Zeit solide 20m runouts und kommt mit 2 pieces oben an zum Umlenker an um Stand zu bauen. 30Min",2018-03-27,,,,,
Dream of Wild Turkeys,5.10a,,o.s.,Black Velvet Canyon,Red Rocks,USA,,"mit Lizzie Thomas, all pitches lead",November 2016,,3,,,
Paddys Pillar,6b,,,Basalt Pillars,Iceland,Iceland,,"First Ascend von Ole, Tom, Paddy; Trad Multipitch (mit selbst Stand bauen, ABENTEUER!): 6b, 6a+,5b, evtl. Ist es die Route Orgelpípurnar",Juli/August 2016,,2,,,
Lilith,9+,,,Schweizereck,Rätikon,Switzerland,,"Beta:
SL1: 7+, ist okay, plattig und etwas runout aber nicht tragisch
SL2: 8+ am Stand gleich relativ schwer, Haken klippen und dann wieder am Stand nach links queren, dann mittelschwere Aufsteher bis zu kurzem Dächlein, da mal kleingriffig, dann o.k. Rastposition und kleine Traverse nach links (Crux der SL): mit links Untergriff, rechts kleine scharfe Leiste, linken Fuß weit rüber kicken und nach Links auf gute Griffe. Oben weite LINKSSCHLEIFE klettern, man sieht den Haken nicht.
SL3: 8-, nicht so schwer
SL4: 8+, ganz am Schluss vor dem Stand kommt die Crux: Aufstehen auf guten Tritten, dann alles erstmal gut anschauen. Mit links Seit/Untergriff, rechts auf kleine Leiste, irgendwie doppeln oder was daneben nehmen und auf Sloper hoch, nicht abkacken hier!
SL5: 8+ wunderschön! Recht lang, Crux ist in der Mitte: von guten Slopern auf aufgebackene Zange rechts, dann mit links in Untergriffbrot, rechts auf zwei Finger Steller Loch, dann an schlechten Leisten nach Links queren. Rechtsschleife zum Stand ist nicht übermäßig schwer aber muss man nochmal von ner Seitleiste weit nach rechts zu nem schlecht zu erkennenden Griff blocken. Stand okay an kleinem Absatz.
SL6: 8+/9-, Traverse direkt vom Stand weg ist Crux, kurze SL. Nach Rechts tänzeln an guten Tritten und schlechten Griffen, mit links Seitgriff dann vor dem Körper schlechte Leisten doppeln und mit rechts auf kleine Erhebung (igelig!) ziehen, auf gleich Höhe wie die Griffe davor. Linken Fuß weit hoch auf guten Tritt. Rechts umdrehen auf STÜTZ und GANZ WEIT hochstützen auf gute Leiste. Von da aus nochmal weit hochziehen auf gute Leiste zum klippen. Danach leichter
SL7: 9 (9-), schwer am Schluss, davor nur Henkel, Von Riss rechts leiste, Links auf Seitleiste und weit hochblocken auf Sloperband (sind Korallenlöcher drauf), danach leichter zu Stand.
SL8: ~9, war mal 8+ aber Griffausbruch ca. 5M unter dem Stand. Leichte Rechtsschleife klettern: miesen Steller an kleinem Dächlein mit rechts nehmen (unter der ""Dorn""), mit links kleine sloprige 2Fingerleiste. Schlechte Tritte, ganz weit links Tritt angeln, mit Links auf Leiste, rechten Tritt hochkicken und rechts auf Sloper, links auf Seitgriff, dann leichter.
SL9: 9+, Boulder vom Stand weg, schwer vom Stand weg und Crux an Dachkante. Danach pumpig aber nicht so tragisch. Geht in die Querung von Intifada rein, oben dann leicht mit fettem Runout.",08.07.18,X,3,,,
El Viaje,9+,,,5. Kirchlispitze,Rätikon,Switzerland,,"Mit Tommy im Juni 2020 versucht ohne letzten zwei SL (zu platt). Da wars sehr nass und deswegen gruselig. Ein Satz Keile und 2-3 Cams im Haulbag können in der Tour sicher nicht schaden.

Beta: 1. SL (7a+), okay bis fast ganz oben. Dann kleine Leisten: links aufgebackene Leiste mit Daumen, rechts extrem kleiner Seitgriffleiste, aufstehen, links ein Hauch von Nichts (Sloper) und rechts rüber schieben auf guten Griff am Band, dann links hoch.
SL2 (6b+): leicht
SL3 (6a+): leicht, ein weiter Hakenabstand (Keile!)
SL4 (2a): Keile oder Friends, keine Haken
SL5 (6c): War bei uns komplett nass. Habe ich als nicht so schwer in Erinnergung bis darauf dass es nass war
SL6 (7a): Kräftig durch den Überhang aber ok, oben nach links ~20m runout
SL7 (7c+): Richtig geile Länge, 40m! Vom Start kommt gleich das schwerste: Rechts untergriff und schlecht anstehen mit L dann hochschlappen mit L auf Tropflöcher, rechts anhocken auf Seittritt und R in Untergriff, Linken Fuß auf schlechten Dorn unter linker Leiste, Zweiten Untergriff und re Fuß sehr hoch auf Sloperband. Dann li durchkreuzen auf Leisten. Dann Dyno in Henkel. Dann links raus auf Leiste, rechts hooken und sehr weit hochblocken. Der Rest ist anhaltend aber leichter
SL8 (7a): geht
SL9 (7a+): Einmal schlecht anstehen und oben nochmal knüppeln aber okay",,X,2,,,
Hannibals Albtraum,9,pp,,4. Kirchlispitze,Rätikon,Switzerland,,"ng pitch! You need dummy runner, one quick-draw and one #6 or bigger if possible. Runout chimney can be scary. Cross after anchor to the left above the anchor, then start downclimbing. Hard move to crack system right below the bolt. Downclimb very long (get's hard in between when finger crack becomes tips, then easier again. Don't struggle here! You´re on toprope. Pass to Hollow Flake very low at obvious ledge, just walk left. Layback first half of Hollow Flake (so good!) un",2017-08-24,,3,,"8+,9-,9-,9,8+",180
Intifada,8/8+,,,Schweizereck,Rätikon,Switzerland,,"in einer SL einmal gestürzt. Super Tour, sehr anhaltend und anstrengend, psychisch anspruchsvoll und schwere Plattenstellen. Scary letzte SL",August 2015,,3,,,
Kasama,8-/8,,X,5. Kirchlispitze,Rätikon,Switzerland,,,15. Juni 2017,,1,,,
Galadriel,8-,,,4. Kirchlispitze,Rätikon,Switzerland,,"Mehrseillängerntour 8 SL, erste richtige Mehrseillängentour",2011,,3,,,
Haldejoli,7,,X,4. Kirchlispitze,Rätikon,Switzerland,,geniale Plaisirkletterei!!!,August 2015,,2,,,
Neuseeländerweg,6-,,,5. Kirchlispitze,Rätikon,Switzerland,,25m Sturz mit Helikopterrettung – scheiß Tour! Desaster,,X,0,,,
Monkeyfinger,5.12b,,,Zion,Zion,USA,,"die ersten 6 SL mit Kush, SL 3&4 im Vorstieg ausgecheckt und mit vorplaziertem Gear abgeholt, SL 6 (Monkeyfinger) im Toprope",November 2016,,3,,,
Holiday From Boulder Holiday,5c R,R,o.s.,Hambushaba Wall,Matopos,Zimbabwe,"FA, R","FA, 3 pitches , 5C R, leading up the prominent three pillars. 
P1: Start at black wall, first pro really high, climb above bulge with big runout into gully 
P2: Climb up the gully and traverse left into OW then another traverse under roof to get to the middle big crack of the ""three pillars"". 
P3: Romp up a 50m Offwidth to get to the top.
Gear: 1ea BD C4 #0.1-#0.4, #4,#5,#6, 2ea BD C4 #0.5-#3",2018-08-15,,2,,,
Via Oeste de El Pajaro,6c,,,El Pájaro,La Pedriza,Spain,,Geiler Kamin! 6SL,2018-09-23,,3,,,
Via Fonsi,6a+,,o.s.,El Yelmo,La Pedriza,Spain,,Echte Plattenkletterei mit brutalen HA!,2018-09-30,,2,,,
Via Sur de El Pajaro directa,6c,,,El Pájaro,La Pedriza,Spain,,"5 SL mit geilem Fingerriss. Waaaahnsinn, was fuer ein abartig geiles Gebiet!",2018-11-20,,2,,,
"Alix, Punk de Vergons",7b+,,o.s.,Paroi Du Duc,Gorges du Verdon,France,,"Mit Adam. Mega geile Tour. Steile Kletterei an Sintern. Die obere 7b hat einen ""Pausenbaum"" am Standplatz (bester Stand!). Alle SL onsight (stolz!), Frühstart um 5 Uhr wegen Sonne. Echt fett!",2018-08-10,,3,,"(5c),7a+,(6c+),7a+,(7b),6c+,(6c+),7b,(6c),7a",350
Boulevard des Stars,7b,,o.s.,Bananes,Gorges du Verdon,France,hard,"harter Kampf, weit zur Kante in 2. SL, beide SL vorgestiegen",2021-07-09,,3,,"7a+,7b",60
Via Mathis,7a+,,o.s.,Bananes,Gorges du Verdon,France,,"Mit Adam, spektakuläre Höhlenforschung in vorletzter Seillänge, gut!",2021-07-10,,2,,"(6a),7a+,(7a),6c,(7a+),6a,(7a+)",200
Mégafoot,7a+,,,Mégafoot,Gorges du Verdon,France,hard,"RP aber beide 7a+ toprope. 3 Versuche für die letzte 7a+ SL, bretthart. 2X Abseilen reicht (60m bis Balkon), erste 7a+ ist schwere Platte: kleine Griffe und gut stehen, letzte SL sehr ausgesetzt. Pumpig durch Überhang, überragende Rastposition über dem Void, dann schwerer Plattenboulder",2018-08-05,,2,,"(6c),6b+,(7a+),(7a+)",100
Cloportes Phosphorescents -> L'Effet Papillon,7a+,,o.s.,?,Gorges du Verdon,France,,"Mit Adam, erste SL brüchig, dann gut und anhaltend. Letzte SL nicht ganz in den Kamin, sondern über 2 BH über Bauch",2021-07-07,,1,,"6c+,(6b),6b,(7a+),6c,(6c)",170
Au-Déla du Délire,7a,,o.s.,Les Marches du Temps,Gorges du Verdon,France,,"Team o.s. mit Adam. Besser wird Klettern nicht! 5 Sterne! Unglaubliche Felsquali mit viel Luft unterm Arsch. Wanhnissns letzte SL. HA sind okay, nicht psycho",2018-08-04,,3,,"7a,(6c),6c,(7a),6a,(6b+ A0),6a+",180
Golem,7a,,o.s.,Golem,Gorges du Verdon,France,,"überragend, diese Route ist Pflicht!",2021-07-09,,3,,"(7a),6a,(5c),6c,(6b+),6a+",130
Les Marches du Temps,7a,,o.s.,Les Marches du Temps,Gorges du Verdon,France,,Team o.s. mit Adam. Extrem geiles Stück Wand. Ausgesetzt undluftig. Überragender Fels. Manche SL sind echt steil aber an richtig guten Schippenlöchern,2018-08-07,,3,,"6b+,(6c+),6c,(7a),(6c+),7a,6cA0,(6b+),6a+",200
Le Schisme,7a,,,Escalé,Gorges du Verdon,France,,"Mit Adam, erste SL ist eine komische Verschneidung, die letzten beiden Längen sind gut. 7A wegen Aufregung rausgekippt, bisschen ärgerlich",,X,1,,"6c+,(6a),6b,(6c),7a",160
L'Ange en Decomposition,7a,,o.s.,Carelle?,Gorges du Verdon,France,,Team o.s. mit Adam. MEGA ausgesetzter Pfeiler mit viel Wind und Luft. Coole letzte Tour des Urlaubs. Schon etwas speckig...,2018-08-11,,3,,"(6c),7a,(6a+)",100
Sidermek,6b+,,o.s.,?,Gorges du Verdon,France,hard,Ziemlich hart für 6b+!,2021-07-06,,3,,"(6b),6b+",60
Un Robin de Jouvence,6b+,,o.s.,Dent d'Aire,Gorges du Verdon,France,,"Team o.s. mit Adam, okay climb with many bolts. Linked pitch 2+3",2018-08-03,,1,,"(6b+),6a+,6a+,(6a)",100
La Demande,6a,,o.s.,La Demande,Gorges du Verdon,France,,Mit David. Erste Tour von ganz unten nach ganz oben. Erstbegangen 1968! Ziemlich abenteuerlich mit weiten HA und großem Abschlusskamin. Friends sind hilfreich. Schon orderntlich speckig...,2018-08-08,,2,,"6a,(5c),5c,(5c+),6a,(5c+),5c,(6a),5b,5c+,6a,(5c)",320
Conquest,7a,,F,Graue Wand,Graue Wand,Switzerland,,"Mit Adam bis zur 7. Seillänge. Wilde Wand mit weitem Zustieg. Die letzten Meter gehen über ein 45 Grad Eisfeld. Adam hatte nur Turnschuhe an, was ihm, vor allem beim Abstieg, ordentliche Probleme bereitet hat (er ist dann mehr oder weniger kontrolliert den Schneehang runtergerutscht). Erste Seillänge in richtig gutem Fels gleich recht schwer, definitiv nicht 6a+... Piazriss und Verschneidungskletterei. Naja, die Remy's haben eben hart bewertet. Dann leichte Plattenkletterei in ganz gutem Fels für 3SL. Weite Hakenabstände, aber man kann öfters was legen. Trotzdem mental saugend. Die 6c ist leicht (Wandkletterei). Dann zwei Seillängen des ""Super Fissure"". Die erste ist ein richtig cooler Handriss. Die 7a fängt leicht an, dann zwei mal Offwidth-Stellen mit Doppelfaust und allem drum und dran. Richtiges Gehussle! Adam geht zuerst, kommt aber beim Anblick der zweiten Offwidth Stelle wieder runter. Ich komme mit Ach und Krach oben an, völlig platt. Adam entscheidet sich die 6a+ SL mit weiterem Offwidth nicht vorzusteigen und ich habe auch kein Bock mehr. Also abseilen. Insgesamt ziemlich wilde Tour. Eigentlich nicht schlecht, aber irgendwie hat sie uns doch nicht so umgehauen. Vielleicht weil wir mit nem geilen Hand oder Fingerriss gerechnet haben, und dann kam so Offwidth Gerampfe... Kann man aber schon mal klettern, wenn man drauf steht.",2018-09-13,,1,,"(6a+),5a,(5a+),5b,(6c),6a+,7a",360
Millius,6c,,o.s.,Chli Bielenhorn,Chli Bielenhorn,Switzerland,,Mit Adam. Am morgen ziemlich niedrige Motivation und psychisch nicht gewillt hohe Risiken einzugehen. Haben uns dann doch entschieden mal hinzulaufen und zu schauen. Coole Tour eigentlich. Beim Abseilen ist das Seil hängen geblieben und Adam musste 40m hochprussiken. Öde! Trotzdem cooler Tag,2018-09-14,,2,,"6b,(6c),6c,(6b+),6b",220
Camilotto,8a,,,Große Zinne,Drei Zinnen,Italy,,"Mächtige überhängende alte Technotour durch die Nordwand der Großen Zinne. Frei ursprünglich mit 8b bewertet aber wohl eher 8a. Mit Tommy am 5.8.20 versucht. ~7h bis SL6, 3h bis zur Kante, 1h zum Ringband, ca. 1H zum Gipfel. Insgesamt 15h (Start um 6 Uhr). Dies ist eine Technotour – es stecken Pitons jeden Meter.

Beta:
7b+: Kaltstart. Anfang leicht, dann schwerere Stelle an Zangen. Dann erstmal Henkel zu Untergriff mit Rechts, hochblocken auf Leiste links und rechts raus zu Henkeln. Rest ist pumpig aber geht
7c: Sehr anhaltend, kleines Dach ist nicht so schwer, die Crux ist vermutlich unten an etwas kleineren Leisten. Geht. Nach Dach NICHT den Umlenker nehmen sondern nochmal 10m weiter klettern (ca. 7A+) - dann hat man eine bessere Ausgangsposition für die 8a Seillänge
8a: die Crux ist eine Leistenstelle relativ weit unten: Schechte sloprige Leiste rechts, dann mit Links einen Seituntergriff mit Daumen fangen und hoch in Henkel. Dann ist es pumpig bis zum Dach, da nochmal guter Schüttler. Piton am Dach clippen und dann unter dem Dach nach rechts queren zu Untergriff unter dem Dach (Links) und gute Nasenuntergriff (rechts). Dann mit links auf schlechte Leiste und mit Rechts in großen Untergriff. Dann nach links in guten Untergriff und leichter nach oben.
7c: Eigentlich recht leicht. Nach kleiner rechtsquerung den Doppelseilpiton clippen, dann kleine Rechtsschleife. Der Rest ist pumpig aber leichter.
7a: Lang und leicht.
7c+: Leicht bis zum Dach. Dort sehr guter Schüttler. Mit Hook links und rechts Seitgriff die Pitons clippen, dann mit links auf 4F Leiste an Dachkante. Anstehen und auf Seitgriffhenkel über dem Dach mit rechts schnappen. Links auf Zange und rechts nochmal 20cm hoch auf Leiste. Links Hook hochwerfen in seichte Verschneidung und in Untergriff ziehen mit links. Dann rechten Fuß über Dachkante und aufstehen in Seitgriffhenkel. Umlenker kommt direkt danach.
6c+: Leicht und lang
6b: etwas schottrig, oben Cams mitnehmen für die Verschneidung!!! Haulen geht noch
6a: nochmal etwas steiler, Haulen geht auch noch. Gutes Band kommt dann
4a: Hier den Rucksack aufsetzen. 30M durch die Verschneidung (Cams!)
5a: gefährlichste Seillänge. Sehr schlechte Felsqualität. Unbedingt einen .4 und .5 Cam aufheben für die etwas steilere Stelle (unten kann man auch einen .5 Cam legen, aber da geht sicher auch was anderes). Leicht nach links queren. Die Felsqualität in dem steilen Teil ist sehr schlecht. Tommy hat einen .4 Cam in einen kleinen Querriss über der Minihöhle gelegt und ist über schottrige Henkel nach links, ich bin nach dem .4 Cam nach rechts an o.k. Felsqualität. Dann recht gerade hoch (45m). Sehr gruselig.
~3: ca. 200M bis zum Ringband, sind wir in zwei Seillängen simultan geklettert (Microtraxion mitnehmen!)
~2+ in einer Seillänge simultan zum Vorgipfel, dann nochmal einmal abseilen und über leicht links zum Gipfel.
Abstieg ist anspruchsvoll – man muss ca. 3 sehr solide ohne Seil abklettern könenn (oder abseilen); ca. 2H (unten durch Gulli rechts wenn man runter blickt)",,X,2,,"7b+,7c,8a,7c,7a,7c+,6c+,6b,6a,4a,5a+",335
Demuthkante / Petri Heil,6b+,,o.s.,Westliche Zinne,Drei Zinnen,Italy,,"17SL, ca. 6 Stunden, mit Tommy, die ersten SL von Petri Heil waren komplett nass. Tommy ist dann die ersten paar Seillängen der Demuthkante vorgestiegen, da ich Angst vor dem Bruch und den Schlaghaken hatte, guter Einstieg in den Fels der Drei Zinnen. Aufregender Abstieg!",Juli 2020,,,,,
Perlen vor die Säue,8+,,o.s.,Gelbe Mauer,Drei Zinnen,Italy,,"Mit Andrea, alle bis auf eine SL im Vorstieg, HAMMER TOUR! So fett da dann frei hängend abzuseilen. Ich fands recht gütig für 7a+ :-) Extrem lohnend und super abgesichter",2023-07-08,,3,,"7a+,7a,(6c),7a+,7a,7a+,6c+,6c/6c+,6c/6c+",250
Gelbe Kante,6+,,o.s.,Kleine Zinne,Drei Zinnen,Italy,,"Coole Abenteuertour. Die ersten 2 SL fande ich nicht so gut, dann wird es richtig toll. Am coolsten ist der Quergang, super easy, aber trotzdem sehr ausgesetzt. Oben raus nochmal weiter, als gedacht. Dann vom Vorgipfel simul an den Leuten vom Kleine Zinne Normalweg durchgepest. Ca. 6 Stunden bis zum Gipfel der Kleinen Zinne. ",2023-07-09,,2,,,
Un Tempo Piccolo,7a,,o.s.,Bric Pianarella,Finale Ligure,Italy,,"Unten etwas bewachsen. An der Platte gleich eine schwere Stelle, die letzten zwei Seillängen sind sehr cool. Insgesamt lohnend aber nicht übermäßig gut",2021-05-22,,1,,"6c,(6b),5c,(7a),6b+",200
Le Marchand du Sable,6a+,,,Tour Rouge - Envers des Aiguilles,Chamonix,France,,nach den ersten drei SL wegen Wetter abgebaut,,X,,,,
L'alchemie du temps qui passe,6b+,,o.s.,Tour Rouge - Envers des Aiguilles,Chamonix,France,,"350m, 12SL, in Dreierseilschaft mit Andrea und Adam. Schöne Tour, viel zum selbst absichern.",2020-08-18,,2,,"(6a),(6a+),(5c),(6a+),(5c),(5b),(6a+),(6b),6b+,6a,4c",350
Dracula,6c,,,Tour Rouge - Envers des Aiguilles,Chamonix,France,,"330m, 9SL, die erste Seillänge ist ziemlich hart. In der letzten Seillänge bin ich im on-sight gefallen, dann im Nachstieg durchgestiegen (hat mich bisschen geärgert, dass ich nicht nochmal im Vorstieg rein konnte, aber da wir Dreierseilschaft mit Adam und Andrea geklettert sind, hatte Adam irgendwie keine Geduld mehr)",2020-08-19,,3,,"(6b+),(6c),(6a+),(6a+),(6b+),(6a+),6b,5c,6c",330
La Piège,6a+,,o.s.,Tour Verte - Envers des Aiguilles,Chamonix,France,,"200m, 6SL, EXCELLENT ROUTE!!!",2020-08-20,,3,,"6b+,6a+,(6a),(6a+),(5c),(5c)",200
Tabou,7a+,,o.s.,Chandelle du Tacul,Chamonix,France,,"200m, 8SL, gute Tour in spektakulärem Setting. Mit Adam am ersten Tag unserer drei-tägigen Gletschertour. Die erste Seillänge haben wir umgangen, da der Bergschrund zu groß war. Die 7a+ war eine diffizile Verschneidung, aber wenn man sich zusammenreißt gar nicht so schwer. Hart fande ich den vorletzten 6b+ Fingerriss, vor allem weil ich nur 2 #.3 Cams dabei hatte und keine Keile und ich das irgendwie stressig fande.",2020-08-24,,2,,"(6a),6a,(5c),7a+,(6b),6b+,(6a)",200
Voyage selon Gulliver,7b,,,Grand Capucin,Chamonix,France,,"320m, richtig beeindruckende Tour! Was für ein Ort! Im August 2020 mit Adam probiert aber 100m vor den letzten beiden schweren SL abgeseilt, da es zu kalt war. Bis dahin alles on-sight.

SL1: 6b+: ungefähr 65m lang, mit dem 60m Doppelseil kommt man nicht ganz zum Stand, deswegen am besten irgendwo eine Microtraxion einhängen und die letzten (leichten) Meter simul klettern.
SL2: 6a+: geht
SL3: 6b+: fand ich eher 6a (?) vielleicht leicht falsch geklettert? Erst ein Riss und dann eine einfache Verscheidung leicht rechts haltend, dann wieder auf einer Platte nach links queren.
SL4: 4b: NICHT ZUSAMMENHÄNGEN mit der nächsten SL. Der Rockfax Führer hat den Stand der nächsten 6a+ (dort: 15m) FALSCH eingezeichnet. Deswegen einfach regulär die 4b klettern und Stand machen bevor die Wand wieder steiler wird.
SL5: 6a+: Erst Riss direkt rauf zu kleinem Dach (Piton), dann leicht rechts (Piton). Dann recht run-out direkt hoch. NICHT zu weit nach rechts auf die Platte queren (da sieht man irgendwo auch noch einen Bolt, aber das ist falsch). Die SL ist ca. 40M lang und nicht 15m. 
SL6: 6c: Psychische Crux denke ich. Technische Platte mit extrem weiten Hakenabständen. Nicht schwer, aber mental anspruchsvoll.
SL7: 6b+: Nicht zu weit nach rechts (dort ist irgendwo ein Stand) queren, sondern nur ein paar Meter und dann den Bolts hinterher nach oben und dann weiter nach links)
SL8: 7b: Leichte Rampe nach links (o.k. zum Absichern) zu gutem Henkel und Bolt. Dann schwere Traverse in Piazriss links: Direkt links unterhalb des Henkels ist eine kleine, sloprige Schale für Rechts. Dann gaaanz weit nach links in den Riss spannen. Diesen anstrengend hochpiazen, irgendwann kommt nochmal ein Bolt und ein guter Fingerklemmer (""Henkel""). Von dort aus ist es etwas leichter zum Stand.
SL9: 6a+: recht anstrengend nach der pumpigen SL davor. Nicht beim ersten Stand halt machen, sondern noch ca. 10M weiter klettern.
SL10: 6c: Wilde und sehr lange Seillänge die direkt rechts von dem Dach aufhört. Achtung, auch hier ist der Rockfax Stand wieder falsch eingezeichnet!",2020-08-25,X,3,,"6b+,(6a+),6b+,(4b),6a+,(6c),6b+,(7b),6a+,(5c),6c",370
Super Dupont,7a,,o.s.,Aiguille du Midi South Face,Chamonix,France,,"210m, 11SL, mit Adam, super Tour in der prallen Sonne. Man toppt direkt über der Touristen Aussichtsplattform aus. Die 7a Länge ist ein Wandkletterei Boulder (Leisten!) direkt vom Stand weg in einen leichteren Fingerriss. Die folgende 6c+ ist eine Fingerriss Verschneidung und ziemlich pumpig. Die ""5c"" danach ist schwer (~6a). Danach sind wir zu einem Stand sehr nahe und rechts unter den A0 Bolts der blanken Platte gegangen und haben ganz am Anfang der 6c noch ein paar Bolts ge-A0-t. Ich denke es wäre korrekter gewesen den überhängenden Riss hochzugehen (wie im Rockfax eingezeichnet), doch Adam war der Überzeugung, dass das falsch sei. Nach den paar Bolts kommt eine Ledge mit Stand, das ist sicher der Originalstand. Dort dann kurz A0 um in den Riss zu kommen. Den folgenden, ca. 30M langen 6c Riss fande ich sehr pumpig und schwer. Man muss ihn komplett selbst absichern und es kommen viele thin hands oder Fingerriss Stellen. Super platt danach. Der Rest zum Gipfel ist nicht mehr schwer. Die letzte SL haben wir 5c/A0 geklettert (geht anscheinend auch für 6b+). Dann speed-abseilen um die letzte Bahn zu bekommen – es ging sich mit 4 langen Abseilern aus, glaube ich. ",2020-08-26,,3,,"6a,(6a+),6b+,(6b),7a,(6c+),6a,(6a),6c/A0,(5c),5c/A0",210
République Bananière,6c+,,o.s.,Aiguille de la République – Envers des Aiguilles,Chamonix,France,"2 days, all free, all on-sight","Der wohl beeindruckenste Gipfel auf dem ich je war! Zusammen mit Adam an zwei Tagen geklettert. Alles on-sight, sogar die letzte 6c+ Gipfelplatte, die man sonst A0 klettern würde. Wahnsinnig gut und der Gipfel ist absolut überwätigend krass. So pointiert!

Mit schweren (~7kg) Rucksäcken zum Biwakplatz an der alten Tour Rouge Hut (nach 6 SL) geklettert. Die 6c Platte in SL4 war o.k., auch mit Rucksack. Von da aus am nächsten Tag im ersten Licht losgeklettert. Viele Querungen führen zu einem Turm wo eine fette Verschneidung hochzieht (6b+). Die ist ca. 50M lang und ich fands echt schwer und psychisch anspruchsvoll – im Nachstieg ist das sicher leichter. Der Abseiler danach hat Adam schwer gefunden. Es gibt anscheinend irgendwo ein Bolt den er übersehen hat und er ist zu weit nach rechts gequert. Der Abseiler geht zu einem einzelnen Bolt bei einer dreieckigen Plattform. Bei der nächsten SL habe ich an einem einzelnen Bolt Stand gemacht, kann man vermutlich auch mit ner Microtraxion gut simul klettern bis zur Base von der nächsten fetten Verschneidung. Dort zwei schwere Seillängen, aber ultra gut. Dann wieder leichter. Die letzte 6c ist nur vom Stand weg schwer (oben nochmal ne ~6a-6b Platte). Die ""Wall of Knobs"" Seillänge danach (6a+) ist ULTRA gut. Erst eine leichte Platte, dann zieht man sich über die Kante und läuft extrem exponiert auf ""des Messers Schneide"" auf dem Grat zum Stand. SO geil. Dann leichte SL bis zur letzten Platte. Wir haben kurz am Stand gezogen um auf den Tritt aufzustehen (ich denke das ist o.k.), dann diffiziles Platten klettern bis zum Gipfel. Sich da rüber zu ziehen ist krass. 
Insgesamt ca. 30Min/Seillänge, 9 Stunden Kletterzeit, ~1h Pause am Gipfel.
Das Abseilen hat 4h gedauert. Bei dem langen, frei hängenden Abseiler (zum Obelisk) ließ sich das Seil nur EXTREM schwer abziehen (hatte sich wohl umeinander gewickelt) und wir hatten ziemlich Panik, da wir nur noch ~10m Seil hatten. Da hätten wir ein riesen Problem gehabt. Zum Glück ging es dann. Exponiertes Gekraxel (unangeseilt) zum nächsten Stand. Die weiteren Abseiler bis zu SL26 waren okay. Die letze SL auf den Turm ist leicht und gut zu finden. Dann erst direkt runter und dann extrem anstrengende und nervige schräge Abseiler. Hier kann einiges schief gehen (erst recht wenns dunkel ist), zum Glück hat alles geklappt. Beim Biwak dann erst 1x direkt runter und dann sehr schräg nach rechts. Der Stand hat noch gepasst aber dann sind wir zu einem improvisierten Schlaghaken Stand gekommen. Sah aber o.k. aus und über den unteren Teil sind überall improvisierte Abseil Stände verteilt (wenn die Leute im Dunkel runter kommen...). Heil froh, als wir wieder unten waren. Krasses Teil!",2020-09-08,,3,,,650
Hoher Gaif,2,,,Hoher Gaif,Garmisch,Germany,,"~300m Grat im I.-II. Grad, im Winter",2021-02-21,,,,,
Blackbird,7-,E1,o.s.,Rabenwand,Zillertal,Germany,,"120m, 4SL mit Manu spontanes Zillertal Wochenende",2021-06-28,,2,,"(4),6,(6+),7-",120
Visité Obligatoire,6b,,,Aiguille Dibona,Dauphiné,France,,"mit Tommy und dem Bayrischen Rundfunk zum Filmen dort gewesen, in der ersten SL hat es aber brutal angefangen zu schneien. Schaut nach ner super duper Tour aus!!!",,X,,,,
Cassin,6+,V,o.s.,Piz Badile,Piz Badile,Switzerland,,"Zusammen mit Andrea. Massive Wand. Mit dem Zug nach St. Moritz, Freitag Abend in 3h über neuen Hüttenweg zur Sasc Furä Hütte. 4.20 Uhr Aufbruch und 6 Uhr angefangen zu klettern. Rebuffat Variante hat einiges an Zeit gekostet, da nass und sehr viel Seilreibung. Dann schneller und teilweise simultan. Ca. 15 Leute in der Tour mussten teilweise warten oder nebeneinander klettern, das war etwas unschön. Kurz vor dem Wurstelkamin massiver Steinschlag von Mikrowellengröße ca. 150M über uns. Dann später nach Kamin ist ein kleinerer Stein auf Andreas Rücken gelandet. Zum Glück nur eine Schwellung, trotzdem sehr ungeil. Es waren sehr viele Seilschaften in der Nordkante unterwegs. Am Ausstieg simultan bis zum Gipfel in einer SL, ca. 15 Uhr. Dann die Nordkante abseilen mit 2 Slovenen. Ein Verhauer und sehr länglicher Abstieg. Die Slovenen haben ihr Seil abgeschnitten nachdem sich der Knoten verklemmt hat. Bei Sonnenuntergang am Wandfuß (kurz vor 9) und um 10 zurück an der Hütte. Sonntag Abstieg, Pizza und von Como zurück nach Lindau mit dem Zug.",2021-08-21,,3,,,800
